sendingTime,receivingTime
1491296685315,1491296685316
1491296685315,1491296685316
1491296685315,1491296685316
1491296685315,1491296685316
1491296685315,1491296685317
1491296685315,1491296685317
1491296685315,1491296685320
1491296685315,1491296685320
1491296685315,1491296685320
1491296685315,1491296685320
1491296685315,1491296685320
1491296685315,1491296685320
1491296685315,1491296685320
1491296685315,1491296685320
1491296685315,1491296685320
1491296685315,1491296685320
1491296685316,1491296685320
1491296685316,1491296685320
1491296685316,1491296685320
1491296685316,1491296685320
1491296685316,1491296685320
1491296685316,1491296685320
1491296685316,1491296685321
1491296685316,1491296685321
1491296685316,1491296685321
1491296685316,1491296685321
1491296685316,1491296685321
1491296685316,1491296685321
1491296685316,1491296685321
1491296685316,1491296685321
1491296685316,1491296685321
1491296685316,1491296685321
1491296685316,1491296685321
1491296685316,1491296685321
1491296685316,1491296685321
1491296685316,1491296685322
1491296685316,1491296685322
1491296685316,1491296685322
1491296685316,1491296685322
1491296685316,1491296685322
1491296685316,1491296685322
1491296685316,1491296685322
1491296685316,1491296685322
1491296685316,1491296685322
1491296685316,1491296685322
1491296685316,1491296685322
1491296685316,1491296685322
1491296685316,1491296685323
1491296685316,1491296685323
1491296685316,1491296685323
1491296685316,1491296685323
1491296685316,1491296685323
1491296685316,1491296685323
1491296685316,1491296685323
1491296685316,1491296685323
1491296685316,1491296685323
1491296685316,1491296685324
1491296685316,1491296685324
1491296685316,1491296685324
1491296685316,1491296685324
1491296685316,1491296685324
1491296685316,1491296685329
1491296685316,1491296685329
1491296685316,1491296685329
1491296685316,1491296685329
1491296685316,1491296685329
1491296685316,1491296685329
1491296685316,1491296685329
1491296685316,1491296685329
1491296685316,1491296685329
1491296685316,1491296685329
1491296685316,1491296685329
1491296685316,1491296685329
1491296685316,1491296685329
1491296685316,1491296685329
1491296685316,1491296685329
1491296685316,1491296685329
1491296685316,1491296685329
1491296685316,1491296685329
1491296685316,1491296685329
1491296685316,1491296685329
1491296685316,1491296685329
1491296685316,1491296685329
1491296685316,1491296685329
1491296685316,1491296685329
1491296685316,1491296685329
1491296685316,1491296685329
1491296685316,1491296685329
1491296685316,1491296685329
1491296685316,1491296685329
1491296685316,1491296685329
1491296685316,1491296685329
1491296685316,1491296685329
1491296685316,1491296685329
1491296685316,1491296685329
1491296685316,1491296685329
1491296685316,1491296685329
1491296685316,1491296685329
1491296685316,1491296685329
1491296685316,1491296685329
1491296685316,1491296685329
1491296685316,1491296685329
1491296685316,1491296685329
1491296685316,1491296685329
1491296685316,1491296685329
1491296685316,1491296685329
1491296685316,1491296685329
1491296685316,1491296685329
1491296685316,1491296685329
1491296685316,1491296685329
1491296685316,1491296685329
1491296685316,1491296685329
1491296685316,1491296685329
1491296685316,1491296685329
1491296685316,1491296685329
1491296685316,1491296685329
1491296685316,1491296685329
1491296685316,1491296685329
1491296685316,1491296685329
1491296685316,1491296685329
1491296685316,1491296685329
1491296685316,1491296685329
1491296685316,1491296685329
1491296685317,1491296685329
1491296685317,1491296685329
1491296685317,1491296685329
1491296685317,1491296685329
1491296685317,1491296685329
1491296685317,1491296685333
1491296685317,1491296685333
1491296685317,1491296685333
1491296685317,1491296685333
1491296685317,1491296685333
1491296685317,1491296685333
1491296685317,1491296685333
1491296685317,1491296685333
1491296685317,1491296685333
1491296685317,1491296685333
1491296685317,1491296685333
1491296685317,1491296685333
1491296685317,1491296685333
1491296685317,1491296685333
1491296685317,1491296685333
1491296685317,1491296685333
1491296685317,1491296685333
1491296685317,1491296685333
1491296685317,1491296685333
1491296685317,1491296685333
1491296685317,1491296685333
1491296685317,1491296685333
1491296685317,1491296685333
1491296685317,1491296685333
1491296685317,1491296685333
1491296685317,1491296685333
1491296685317,1491296685333
1491296685317,1491296685333
1491296685317,1491296685333
1491296685317,1491296685333
1491296685317,1491296685333
1491296685317,1491296685333
1491296685317,1491296685333
1491296685317,1491296685333
1491296685317,1491296685333
1491296685317,1491296685333
1491296685317,1491296685333
1491296685317,1491296685333
1491296685317,1491296685333
1491296685317,1491296685333
1491296685317,1491296685333
1491296685317,1491296685333
1491296685317,1491296685341
1491296685317,1491296685341
1491296685317,1491296685341
1491296685317,1491296685341
1491296685317,1491296685346
1491296685317,1491296685347
1491296685317,1491296685347
1491296685317,1491296685347
1491296685317,1491296685347
1491296685317,1491296685347
1491296685317,1491296685347
1491296685317,1491296685347
1491296685317,1491296685347
1491296685317,1491296685347
1491296685317,1491296685347
1491296685317,1491296685347
1491296685317,1491296685347
1491296685317,1491296685347
1491296685317,1491296685347
1491296685317,1491296685347
1491296685317,1491296685347
1491296685317,1491296685347
1491296685317,1491296685347
1491296685317,1491296685347
1491296685317,1491296685347
1491296685317,1491296685347
1491296685317,1491296685347
1491296685317,1491296685347
1491296685317,1491296685347
1491296685317,1491296685347
1491296685317,1491296685347
1491296685317,1491296685347
1491296685317,1491296685347
1491296685317,1491296685347
1491296685317,1491296685347
1491296685317,1491296685347
1491296685317,1491296685347
1491296685317,1491296685347
1491296685317,1491296685347
1491296685317,1491296685347
1491296685317,1491296685347
1491296685317,1491296685347
1491296685317,1491296685347
1491296685317,1491296685347
1491296685317,1491296685347
1491296685317,1491296685347
1491296685317,1491296685347
1491296685317,1491296685347
1491296685317,1491296685347
1491296685317,1491296685347
1491296685318,1491296685347
1491296685318,1491296685347
1491296685318,1491296685347
1491296685318,1491296685347
1491296685318,1491296685347
1491296685318,1491296685347
1491296685318,1491296685347
1491296685318,1491296685347
1491296685318,1491296685347
1491296685318,1491296685347
1491296685318,1491296685347
1491296685318,1491296685347
1491296685318,1491296685347
1491296685318,1491296685347
1491296685318,1491296685347
1491296685318,1491296685347
1491296685318,1491296685347
1491296685318,1491296685347
1491296685318,1491296685347
1491296685318,1491296685347
1491296685318,1491296685347
1491296685318,1491296685347
1491296685318,1491296685347
1491296685318,1491296685347
1491296685318,1491296685347
1491296685318,1491296685347
1491296685318,1491296685347
1491296685318,1491296685347
1491296685318,1491296685347
1491296685318,1491296685352
1491296685318,1491296685352
1491296685318,1491296685352
1491296685318,1491296685352
1491296685318,1491296685352
1491296685318,1491296685352
1491296685318,1491296685352
1491296685318,1491296685353
1491296685318,1491296685353
1491296685318,1491296685353
1491296685318,1491296685353
1491296685318,1491296685353
1491296685318,1491296685353
1491296685318,1491296685353
1491296685318,1491296685353
1491296685318,1491296685353
1491296685318,1491296685353
1491296685318,1491296685353
1491296685318,1491296685353
1491296685318,1491296685353
1491296685318,1491296685353
1491296685318,1491296685353
1491296685318,1491296685353
1491296685318,1491296685353
1491296685318,1491296685353
1491296685318,1491296685353
1491296685318,1491296685353
1491296685318,1491296685353
1491296685318,1491296685353
1491296685318,1491296685353
1491296685318,1491296685353
1491296685318,1491296685353
1491296685318,1491296685353
1491296685318,1491296685353
1491296685318,1491296685353
1491296685318,1491296685353
1491296685318,1491296685353
1491296685318,1491296685353
1491296685318,1491296685353
1491296685318,1491296685353
1491296685318,1491296685353
1491296685318,1491296685353
1491296685318,1491296685353
1491296685318,1491296685353
1491296685318,1491296685353
1491296685318,1491296685353
1491296685318,1491296685353
1491296685318,1491296685353
1491296685318,1491296685353
1491296685318,1491296685353
1491296685318,1491296685353
1491296685318,1491296685353
1491296685318,1491296685353
1491296685318,1491296685353
1491296685318,1491296685353
1491296685318,1491296685353
1491296685318,1491296685353
1491296685318,1491296685353
1491296685318,1491296685353
1491296685318,1491296685353
1491296685318,1491296685353
1491296685318,1491296685353
1491296685318,1491296685353
1491296685318,1491296685353
1491296685318,1491296685353
1491296685318,1491296685353
1491296685318,1491296685353
1491296685318,1491296685353
1491296685318,1491296685353
1491296685318,1491296685353
1491296685318,1491296685353
1491296685318,1491296685353
1491296685318,1491296685353
1491296685319,1491296685353
1491296685319,1491296685353
1491296685319,1491296685353
1491296685319,1491296685353
1491296685319,1491296685353
1491296685319,1491296685353
1491296685319,1491296685353
1491296685319,1491296685353
1491296685319,1491296685353
1491296685319,1491296685353
1491296685319,1491296685354
1491296685319,1491296685354
1491296685319,1491296685354
1491296685319,1491296685354
1491296685319,1491296685354
1491296685319,1491296685354
1491296685319,1491296685354
1491296685319,1491296685354
1491296685319,1491296685354
1491296685319,1491296685354
1491296685319,1491296685354
1491296685319,1491296685355
1491296685319,1491296685355
1491296685319,1491296685355
1491296685319,1491296685355
1491296685319,1491296685355
1491296685319,1491296685355
1491296685319,1491296685355
1491296685319,1491296685355
1491296685319,1491296685355
1491296685319,1491296685355
1491296685319,1491296685355
1491296685319,1491296685357
1491296685319,1491296685357
1491296685319,1491296685357
1491296685319,1491296685357
1491296685319,1491296685357
1491296685319,1491296685357
1491296685319,1491296685357
1491296685319,1491296685357
1491296685319,1491296685357
1491296685319,1491296685357
1491296685319,1491296685357
1491296685319,1491296685357
1491296685319,1491296685357
1491296685319,1491296685357
1491296685319,1491296685357
1491296685319,1491296685357
1491296685319,1491296685357
1491296685319,1491296685357
1491296685319,1491296685357
1491296685319,1491296685357
1491296685319,1491296685357
1491296685319,1491296685357
1491296685319,1491296685357
1491296685319,1491296685357
1491296685319,1491296685357
1491296685319,1491296685357
1491296685319,1491296685358
1491296685319,1491296685358
1491296685319,1491296685358
1491296685319,1491296685358
1491296685319,1491296685358
1491296685319,1491296685358
1491296685319,1491296685358
1491296685319,1491296685358
1491296685319,1491296685358
1491296685319,1491296685358
1491296685319,1491296685358
1491296685319,1491296685358
1491296685319,1491296685359
1491296685319,1491296685359
1491296685319,1491296685359
1491296685319,1491296685359
1491296685319,1491296685359
1491296685319,1491296685359
1491296685319,1491296685359
1491296685319,1491296685359
1491296685319,1491296685360
1491296685319,1491296685360
1491296685320,1491296685360
1491296685320,1491296685360
1491296685320,1491296685360
1491296685320,1491296685360
1491296685320,1491296685360
1491296685320,1491296685360
1491296685320,1491296685360
1491296685320,1491296685360
1491296685320,1491296685360
1491296685320,1491296685360
1491296685320,1491296685360
1491296685320,1491296685362
1491296685320,1491296685362
1491296685320,1491296685362
1491296685320,1491296685362
1491296685320,1491296685362
1491296685320,1491296685362
1491296685320,1491296685362
1491296685320,1491296685362
1491296685320,1491296685362
1491296685320,1491296685362
1491296685320,1491296685362
1491296685320,1491296685362
1491296685320,1491296685362
1491296685320,1491296685362
1491296685320,1491296685362
1491296685320,1491296685362
1491296685320,1491296685362
1491296685320,1491296685362
1491296685320,1491296685362
1491296685320,1491296685362
1491296685320,1491296685362
1491296685320,1491296685362
1491296685320,1491296685362
1491296685320,1491296685362
1491296685320,1491296685362
1491296685320,1491296685362
1491296685320,1491296685362
1491296685320,1491296685363
1491296685320,1491296685363
1491296685320,1491296685363
1491296685320,1491296685363
1491296685320,1491296685363
1491296685320,1491296685363
1491296685320,1491296685363
1491296685320,1491296685363
1491296685320,1491296685363
1491296685320,1491296685363
1491296685320,1491296685363
1491296685320,1491296685364
1491296685320,1491296685364
1491296685320,1491296685364
1491296685320,1491296685364
1491296685320,1491296685364
1491296685320,1491296685364
1491296685320,1491296685364
1491296685320,1491296685364
1491296685320,1491296685364
1491296685320,1491296685364
1491296685320,1491296685364
1491296685320,1491296685364
1491296685320,1491296685364
1491296685320,1491296685365
1491296685320,1491296685365
1491296685320,1491296685365
1491296685320,1491296685365
1491296685320,1491296685365
1491296685320,1491296685365
1491296685320,1491296685365
1491296685320,1491296685365
1491296685321,1491296685365
1491296685321,1491296685365
1491296685321,1491296685365
1491296685321,1491296685365
1491296685321,1491296685366
1491296685321,1491296685366
1491296685321,1491296685366
1491296685321,1491296685366
1491296685321,1491296685366
1491296685321,1491296685366
1491296685321,1491296685366
1491296685321,1491296685366
1491296685321,1491296685366
1491296685321,1491296685366
1491296685321,1491296685366
1491296685321,1491296685366
1491296685321,1491296685367
1491296685321,1491296685367
1491296685321,1491296685367
1491296685321,1491296685367
1491296685321,1491296685367
1491296685321,1491296685367
1491296685321,1491296685370
1491296685321,1491296685370
1491296685321,1491296685370
1491296685321,1491296685370
1491296685321,1491296685370
1491296685321,1491296685370
1491296685321,1491296685370
1491296685321,1491296685370
1491296685321,1491296685370
1491296685321,1491296685370
1491296685321,1491296685370
1491296685321,1491296685370
1491296685321,1491296685370
1491296685321,1491296685370
1491296685321,1491296685370
1491296685321,1491296685370
1491296685321,1491296685370
1491296685321,1491296685370
1491296685321,1491296685370
1491296685321,1491296685370
1491296685321,1491296685370
1491296685321,1491296685370
1491296685321,1491296685370
1491296685321,1491296685370
1491296685321,1491296685370
1491296685321,1491296685370
1491296685321,1491296685370
1491296685321,1491296685370
1491296685321,1491296685370
1491296685321,1491296685370
1491296685321,1491296685370
1491296685321,1491296685370
1491296685321,1491296685370
1491296685321,1491296685370
1491296685321,1491296685370
1491296685321,1491296685371
1491296685321,1491296685371
1491296685321,1491296685371
1491296685321,1491296685371
1491296685321,1491296685371
1491296685321,1491296685371
1491296685321,1491296685371
1491296685321,1491296685371
1491296685321,1491296685371
1491296685321,1491296685371
1491296685321,1491296685372
1491296685321,1491296685372
1491296685321,1491296685372
1491296685321,1491296685372
1491296685322,1491296685372
1491296685322,1491296685372
1491296685322,1491296685372
1491296685322,1491296685372
1491296685322,1491296685372
1491296685322,1491296685373
1491296685322,1491296685373
1491296685322,1491296685373
1491296685322,1491296685373
1491296685322,1491296685373
1491296685322,1491296685373
1491296685322,1491296685373
1491296685322,1491296685373
1491296685322,1491296685373
1491296685322,1491296685373
1491296685322,1491296685374
1491296685322,1491296685374
1491296685322,1491296685374
1491296685322,1491296685374
1491296685322,1491296685374
1491296685322,1491296685374
1491296685322,1491296685374
1491296685322,1491296685374
1491296685322,1491296685374
1491296685322,1491296685374
1491296685322,1491296685375
1491296685322,1491296685375
1491296685322,1491296685375
1491296685322,1491296685375
1491296685322,1491296685375
1491296685322,1491296685375
1491296685322,1491296685375
1491296685322,1491296685375
1491296685322,1491296685375
1491296685322,1491296685376
1491296685322,1491296685376
1491296685322,1491296685376
1491296685322,1491296685376
1491296685322,1491296685376
1491296685322,1491296685376
1491296685322,1491296685376
1491296685322,1491296685376
1491296685322,1491296685376
1491296685322,1491296685377
1491296685322,1491296685377
1491296685322,1491296685377
1491296685322,1491296685377
1491296685322,1491296685377
1491296685322,1491296685377
1491296685322,1491296685377
1491296685322,1491296685377
1491296685322,1491296685377
1491296685322,1491296685377
1491296685322,1491296685377
1491296685322,1491296685378
1491296685322,1491296685378
1491296685322,1491296685378
1491296685322,1491296685378
1491296685322,1491296685378
1491296685322,1491296685378
1491296685322,1491296685378
1491296685322,1491296685378
1491296685322,1491296685378
1491296685322,1491296685378
1491296685322,1491296685378
1491296685322,1491296685378
1491296685322,1491296685379
1491296685322,1491296685379
1491296685322,1491296685379
1491296685322,1491296685379
1491296685322,1491296685379
1491296685322,1491296685379
1491296685322,1491296685379
1491296685322,1491296685379
1491296685322,1491296685379
1491296685322,1491296685379
1491296685322,1491296685379
1491296685322,1491296685379
1491296685322,1491296685380
1491296685322,1491296685380
1491296685322,1491296685380
1491296685322,1491296685380
1491296685322,1491296685380
1491296685322,1491296685380
1491296685322,1491296685380
1491296685322,1491296685380
1491296685322,1491296685380
1491296685322,1491296685380
1491296685322,1491296685380
1491296685322,1491296685380
1491296685322,1491296685381
1491296685323,1491296685381
1491296685323,1491296685381
1491296685323,1491296685381
1491296685323,1491296685381
1491296685323,1491296685381
1491296685323,1491296685381
1491296685323,1491296685381
1491296685323,1491296685381
1491296685323,1491296685381
1491296685323,1491296685381
1491296685323,1491296685382
1491296685323,1491296685382
1491296685323,1491296685382
1491296685323,1491296685382
1491296685323,1491296685382
1491296685323,1491296685382
1491296685323,1491296685382
1491296685323,1491296685382
1491296685323,1491296685382
1491296685323,1491296685382
1491296685323,1491296685382
1491296685323,1491296685382
1491296685323,1491296685383
1491296685323,1491296685383
1491296685323,1491296685383
1491296685323,1491296685383
1491296685323,1491296685383
1491296685323,1491296685383
1491296685323,1491296685383
1491296685323,1491296685383
1491296685323,1491296685383
1491296685323,1491296685383
1491296685323,1491296685383
1491296685323,1491296685384
1491296685323,1491296685384
1491296685323,1491296685384
1491296685323,1491296685384
1491296685323,1491296685384
1491296685323,1491296685384
1491296685323,1491296685384
1491296685323,1491296685384
1491296685323,1491296685384
1491296685323,1491296685384
1491296685323,1491296685384
1491296685323,1491296685384
1491296685323,1491296685384
1491296685323,1491296685384
1491296685323,1491296685385
1491296685323,1491296685385
1491296685323,1491296685385
1491296685323,1491296685385
1491296685323,1491296685385
1491296685323,1491296685385
1491296685323,1491296685385
1491296685323,1491296685385
1491296685323,1491296685385
1491296685323,1491296685385
1491296685323,1491296685385
1491296685323,1491296685385
1491296685323,1491296685385
1491296685323,1491296685386
1491296685323,1491296685386
1491296685323,1491296685386
1491296685323,1491296685386
1491296685323,1491296685386
1491296685323,1491296685386
1491296685323,1491296685386
1491296685323,1491296685386
1491296685323,1491296685386
1491296685323,1491296685386
1491296685323,1491296685386
1491296685323,1491296685386
1491296685323,1491296685386
1491296685323,1491296685392
1491296685323,1491296685392
1491296685323,1491296685392
1491296685323,1491296685392
1491296685323,1491296685393
1491296685323,1491296685393
1491296685323,1491296685393
1491296685323,1491296685393
1491296685323,1491296685393
1491296685323,1491296685393
1491296685323,1491296685393
1491296685324,1491296685393
1491296685324,1491296685393
1491296685324,1491296685393
1491296685324,1491296685393
1491296685324,1491296685394
1491296685324,1491296685394
1491296685324,1491296685394
1491296685324,1491296685394
1491296685324,1491296685394
1491296685324,1491296685394
1491296685324,1491296685394
1491296685324,1491296685394
1491296685324,1491296685396
1491296685324,1491296685397
1491296685324,1491296685397
1491296685324,1491296685397
1491296685324,1491296685397
1491296685324,1491296685397
1491296685324,1491296685397
1491296685324,1491296685397
1491296685324,1491296685398
1491296685324,1491296685398
1491296685324,1491296685398
1491296685324,1491296685398
1491296685324,1491296685398
1491296685324,1491296685398
1491296685324,1491296685398
1491296685324,1491296685398
1491296685324,1491296685398
1491296685324,1491296685398
1491296685324,1491296685399
1491296685324,1491296685399
1491296685324,1491296685399
1491296685324,1491296685399
1491296685324,1491296685399
1491296685324,1491296685399
1491296685324,1491296685399
1491296685324,1491296685399
1491296685324,1491296685399
1491296685324,1491296685399
1491296685324,1491296685400
1491296685324,1491296685400
1491296685324,1491296685400
1491296685324,1491296685400
1491296685324,1491296685400
1491296685324,1491296685400
1491296685324,1491296685400
1491296685324,1491296685400
1491296685324,1491296685400
1491296685324,1491296685401
1491296685324,1491296685401
1491296685324,1491296685401
1491296685324,1491296685401
1491296685324,1491296685401
1491296685324,1491296685401
1491296685324,1491296685401
1491296685324,1491296685401
1491296685324,1491296685401
1491296685324,1491296685401
1491296685324,1491296685401
1491296685324,1491296685402
1491296685324,1491296685402
1491296685324,1491296685402
1491296685324,1491296685402
1491296685324,1491296685402
1491296685324,1491296685402
1491296685324,1491296685402
1491296685324,1491296685402
1491296685324,1491296685402
1491296685324,1491296685403
1491296685324,1491296685403
1491296685324,1491296685403
1491296685324,1491296685403
1491296685324,1491296685403
1491296685324,1491296685403
1491296685324,1491296685403
1491296685324,1491296685403
1491296685324,1491296685403
1491296685324,1491296685404
1491296685324,1491296685404
1491296685324,1491296685404
1491296685324,1491296685404
1491296685324,1491296685404
1491296685324,1491296685404
1491296685324,1491296685404
1491296685324,1491296685404
1491296685324,1491296685404
1491296685324,1491296685405
1491296685324,1491296685405
1491296685324,1491296685405
1491296685324,1491296685405
1491296685324,1491296685405
1491296685324,1491296685405
1491296685324,1491296685405
1491296685324,1491296685405
1491296685324,1491296685405
1491296685324,1491296685405
1491296685324,1491296685406
1491296685324,1491296685406
1491296685324,1491296685406
1491296685324,1491296685406
1491296685324,1491296685406
1491296685324,1491296685406
1491296685324,1491296685406
1491296685324,1491296685406
1491296685324,1491296685406
1491296685324,1491296685406
1491296685324,1491296685407
1491296685324,1491296685407
1491296685324,1491296685407
1491296685324,1491296685407
1491296685324,1491296685407
1491296685324,1491296685407
1491296685324,1491296685407
1491296685324,1491296685407
1491296685324,1491296685407
1491296685324,1491296685407
1491296685324,1491296685408
1491296685324,1491296685408
1491296685324,1491296685408
1491296685324,1491296685408
1491296685324,1491296685408
1491296685324,1491296685408
1491296685324,1491296685408
1491296685324,1491296685408
1491296685324,1491296685408
1491296685324,1491296685408
1491296685324,1491296685409
1491296685324,1491296685409
1491296685324,1491296685409
1491296685324,1491296685409
1491296685324,1491296685409
1491296685324,1491296685409
1491296685324,1491296685409
1491296685324,1491296685409
1491296685324,1491296685409
1491296685324,1491296685409
1491296685324,1491296685409
1491296685325,1491296685409
1491296685325,1491296685410
1491296685325,1491296685410
1491296685325,1491296685410
1491296685325,1491296685410
1491296685325,1491296685410
1491296685325,1491296685410
1491296685325,1491296685410
1491296685325,1491296685410
1491296685325,1491296685410
1491296685325,1491296685410
1491296685325,1491296685410
1491296685325,1491296685410
1491296685325,1491296685410
1491296685325,1491296685411
1491296685325,1491296685411
1491296685325,1491296685411
1491296685325,1491296685411
1491296685325,1491296685411
1491296685325,1491296685411
1491296685325,1491296685411
1491296685325,1491296685411
1491296685325,1491296685411
1491296685325,1491296685411
1491296685325,1491296685411
1491296685325,1491296685411
1491296685325,1491296685411
1491296685325,1491296685412
1491296685325,1491296685412
1491296685325,1491296685412
1491296685325,1491296685412
1491296685325,1491296685412
1491296685325,1491296685412
1491296685325,1491296685422
1491296685325,1491296685422
1491296685325,1491296685422
1491296685325,1491296685422
1491296685325,1491296685422
1491296685325,1491296685422
1491296685325,1491296685422
1491296685325,1491296685423
1491296685325,1491296685423
1491296685325,1491296685423
1491296685325,1491296685423
1491296685325,1491296685423
1491296685325,1491296685423
1491296685325,1491296685423
1491296685325,1491296685423
1491296685325,1491296685423
1491296685325,1491296685423
1491296685325,1491296685423
1491296685325,1491296685423
1491296685325,1491296685423
1491296685325,1491296685427
1491296685325,1491296685428
1491296685325,1491296685428
1491296685325,1491296685428
1491296685325,1491296685428
1491296685325,1491296685428
1491296685325,1491296685429
1491296685325,1491296685429
1491296685325,1491296685429
1491296685325,1491296685429
1491296685325,1491296685429
1491296685325,1491296685430
1491296685325,1491296685430
1491296685325,1491296685430
1491296685325,1491296685430
1491296685325,1491296685430
1491296685326,1491296685430
1491296685326,1491296685430
1491296685326,1491296685430
1491296685326,1491296685430
1491296685326,1491296685430
1491296685326,1491296685430
1491296685326,1491296685430
1491296685326,1491296685430
1491296685326,1491296685431
1491296685326,1491296685431
1491296685326,1491296685431
1491296685326,1491296685431
1491296685326,1491296685431
1491296685326,1491296685431
1491296685326,1491296685431
1491296685326,1491296685431
1491296685326,1491296685431
1491296685326,1491296685431
1491296685326,1491296685431
1491296685326,1491296685431
1491296685326,1491296685432
1491296685326,1491296685432
1491296685326,1491296685432
1491296685326,1491296685432
1491296685326,1491296685432
1491296685326,1491296685432
1491296685326,1491296685432
1491296685326,1491296685432
1491296685326,1491296685432
1491296685326,1491296685432
1491296685326,1491296685433
1491296685326,1491296685433
1491296685326,1491296685433
1491296685326,1491296685433
1491296685326,1491296685433
1491296685326,1491296685433
1491296685326,1491296685433
1491296685326,1491296685435
1491296685326,1491296685435
1491296685326,1491296685435
1491296685326,1491296685435
1491296685326,1491296685435
1491296685326,1491296685435
1491296685326,1491296685435
1491296685326,1491296685435
1491296685326,1491296685435
1491296685326,1491296685435
1491296685326,1491296685435
1491296685326,1491296685435
1491296685326,1491296685435
1491296685326,1491296685435
1491296685326,1491296685435
1491296685326,1491296685435
1491296685326,1491296685435
1491296685326,1491296685435
1491296685326,1491296685435
1491296685326,1491296685435
1491296685326,1491296685435
1491296685326,1491296685435
1491296685326,1491296685435
1491296685326,1491296685435
1491296685326,1491296685435
1491296685326,1491296685435
1491296685326,1491296685435
1491296685326,1491296685435
1491296685326,1491296685435
1491296685326,1491296685435
1491296685326,1491296685435
1491296685326,1491296685435
1491296685326,1491296685435
1491296685326,1491296685436
1491296685326,1491296685436
1491296685326,1491296685436
1491296685326,1491296685436
1491296685326,1491296685436
1491296685326,1491296685436
1491296685326,1491296685436
1491296685326,1491296685436
1491296685326,1491296685436
1491296685326,1491296685437
1491296685326,1491296685437
1491296685326,1491296685437
1491296685326,1491296685437
1491296685326,1491296685437
1491296685326,1491296685437
1491296685326,1491296685437
1491296685326,1491296685437
1491296685326,1491296685437
1491296685326,1491296685438
1491296685326,1491296685438
1491296685326,1491296685438
1491296685326,1491296685438
1491296685326,1491296685438
1491296685326,1491296685438
1491296685326,1491296685438
1491296685326,1491296685439
1491296685326,1491296685441
1491296685326,1491296685441
1491296685326,1491296685441
1491296685326,1491296685441
1491296685326,1491296685441
1491296685326,1491296685441
1491296685326,1491296685441
1491296685326,1491296685442
1491296685327,1491296685442
1491296685327,1491296685442
1491296685327,1491296685442
1491296685327,1491296685442
1491296685327,1491296685442
1491296685327,1491296685442
1491296685327,1491296685442
1491296685327,1491296685442
1491296685327,1491296685443
1491296685327,1491296685443
1491296685327,1491296685443
1491296685327,1491296685443
1491296685327,1491296685443
1491296685327,1491296685443
1491296685327,1491296685443
1491296685327,1491296685443
1491296685327,1491296685443
1491296685327,1491296685444
1491296685327,1491296685444
1491296685327,1491296685444
1491296685327,1491296685444
1491296685327,1491296685444
1491296685327,1491296685444
1491296685327,1491296685444
1491296685327,1491296685444
1491296685327,1491296685444
1491296685327,1491296685444
1491296685327,1491296685445
1491296685327,1491296685445
1491296685327,1491296685445
1491296685327,1491296685445
1491296685327,1491296685445
1491296685327,1491296685445
1491296685327,1491296685445
1491296685327,1491296685445
1491296685327,1491296685445
1491296685327,1491296685445
1491296685327,1491296685445
1491296685327,1491296685446
1491296685327,1491296685446
1491296685327,1491296685446
1491296685327,1491296685446
1491296685327,1491296685446
1491296685327,1491296685446
1491296685327,1491296685446
1491296685327,1491296685446
1491296685327,1491296685446
1491296685327,1491296685446
1491296685327,1491296685446
1491296685327,1491296685447
1491296685327,1491296685447
1491296685327,1491296685447
1491296685327,1491296685447
1491296685327,1491296685447
1491296685327,1491296685447
1491296685327,1491296685447
1491296685327,1491296685447
1491296685327,1491296685448
1491296685327,1491296685448
1491296685327,1491296685448
1491296685327,1491296685448
1491296685327,1491296685448
1491296685327,1491296685448
1491296685327,1491296685448
1491296685327,1491296685448
1491296685327,1491296685448
1491296685327,1491296685449
1491296685327,1491296685449
1491296685327,1491296685449
1491296685327,1491296685449
1491296685327,1491296685449
1491296685327,1491296685449
1491296685327,1491296685449
1491296685327,1491296685449
1491296685327,1491296685449
1491296685327,1491296685449
1491296685327,1491296685450
1491296685327,1491296685450
1491296685327,1491296685450
1491296685327,1491296685450
1491296685327,1491296685450
1491296685327,1491296685450
1491296685327,1491296685450
1491296685327,1491296685450
1491296685327,1491296685450
1491296685327,1491296685450
1491296685327,1491296685450
1491296685327,1491296685450
1491296685327,1491296685450
1491296685327,1491296685451
1491296685327,1491296685451
1491296685327,1491296685451
1491296685327,1491296685451
1491296685327,1491296685451
1491296685327,1491296685451
1491296685327,1491296685451
1491296685327,1491296685451
1491296685327,1491296685451
1491296685327,1491296685451
1491296685327,1491296685451
1491296685327,1491296685451
1491296685327,1491296685451
1491296685327,1491296685452
1491296685327,1491296685452
1491296685327,1491296685452
1491296685327,1491296685452
1491296685327,1491296685452
1491296685327,1491296685452
1491296685327,1491296685452
1491296685327,1491296685452
1491296685327,1491296685452
1491296685327,1491296685452
1491296685327,1491296685453
1491296685327,1491296685453
1491296685327,1491296685453
1491296685327,1491296685453
1491296685327,1491296685453
1491296685327,1491296685453
1491296685327,1491296685453
1491296685327,1491296685453
1491296685327,1491296685454
1491296685327,1491296685454
1491296685327,1491296685454
1491296685327,1491296685454
1491296685327,1491296685454
1491296685327,1491296685454
1491296685327,1491296685454
1491296685327,1491296685454
1491296685327,1491296685454
1491296685327,1491296685454
1491296685327,1491296685454
1491296685327,1491296685454
1491296685327,1491296685454
1491296685327,1491296685455
1491296685327,1491296685455
1491296685327,1491296685455
1491296685327,1491296685455
1491296685327,1491296685455
1491296685327,1491296685455
1491296685327,1491296685455
1491296685327,1491296685455
1491296685327,1491296685455
1491296685327,1491296685455
1491296685327,1491296685455
1491296685327,1491296685455
1491296685327,1491296685455
1491296685327,1491296685456
1491296685327,1491296685456
1491296685327,1491296685456
1491296685327,1491296685456
1491296685327,1491296685456
1491296685327,1491296685456
1491296685327,1491296685456
1491296685327,1491296685456
1491296685327,1491296685456
1491296685327,1491296685456
1491296685327,1491296685456
1491296685327,1491296685456
1491296685327,1491296685456
1491296685327,1491296685457
1491296685327,1491296685457
1491296685327,1491296685457
1491296685327,1491296685457
1491296685327,1491296685457
1491296685327,1491296685457
1491296685327,1491296685457
1491296685327,1491296685457
1491296685327,1491296685457
1491296685327,1491296685457
1491296685327,1491296685457
1491296685327,1491296685458
1491296685327,1491296685458
1491296685327,1491296685458
1491296685327,1491296685458
1491296685327,1491296685458
1491296685327,1491296685458
1491296685327,1491296685458
1491296685327,1491296685458
1491296685327,1491296685458
1491296685327,1491296685458
1491296685327,1491296685458
1491296685327,1491296685459
1491296685327,1491296685459
1491296685327,1491296685459
1491296685327,1491296685459
1491296685327,1491296685459
1491296685328,1491296685459
1491296685328,1491296685459
1491296685328,1491296685459
1491296685328,1491296685459
1491296685328,1491296685460
1491296685328,1491296685460
1491296685328,1491296685460
1491296685328,1491296685460
1491296685328,1491296685460
1491296685328,1491296685460
1491296685328,1491296685460
1491296685328,1491296685460
1491296685328,1491296685460
1491296685328,1491296685460
1491296685328,1491296685460
1491296685328,1491296685461
1491296685328,1491296685461
1491296685328,1491296685461
1491296685328,1491296685461
1491296685328,1491296685461
1491296685328,1491296685461
1491296685328,1491296685461
1491296685328,1491296685461
1491296685328,1491296685461
1491296685328,1491296685461
1491296685328,1491296685462
1491296685328,1491296685462
1491296685328,1491296685462
1491296685328,1491296685462
1491296685328,1491296685462
1491296685328,1491296685462
1491296685328,1491296685462
1491296685328,1491296685462
1491296685328,1491296685462
1491296685328,1491296685463
1491296685328,1491296685463
1491296685328,1491296685463
1491296685328,1491296685463
1491296685328,1491296685463
1491296685328,1491296685463
1491296685328,1491296685463
1491296685328,1491296685463
1491296685328,1491296685463
1491296685328,1491296685463
1491296685328,1491296685464
1491296685328,1491296685464
1491296685328,1491296685464
1491296685328,1491296685464
1491296685328,1491296685464
1491296685328,1491296685464
1491296685328,1491296685464
1491296685328,1491296685464
1491296685328,1491296685464
1491296685328,1491296685464
1491296685328,1491296685464
1491296685328,1491296685464
1491296685328,1491296685465
1491296685328,1491296685465
1491296685328,1491296685465
1491296685328,1491296685465
1491296685328,1491296685465
1491296685328,1491296685465
1491296685328,1491296685465
1491296685328,1491296685465
1491296685328,1491296685465
1491296685328,1491296685465
1491296685328,1491296685465
1491296685328,1491296685465
1491296685328,1491296685465
1491296685328,1491296685465
1491296685328,1491296685465
1491296685328,1491296685466
1491296685328,1491296685466
1491296685328,1491296685466
1491296685328,1491296685466
1491296685328,1491296685466
1491296685328,1491296685466
1491296685328,1491296685466
1491296685328,1491296685466
1491296685328,1491296685466
1491296685328,1491296685466
1491296685328,1491296685466
1491296685328,1491296685466
1491296685328,1491296685466
1491296685328,1491296685466
1491296685328,1491296685467
1491296685328,1491296685467
1491296685328,1491296685467
1491296685328,1491296685467
1491296685328,1491296685467
1491296685328,1491296685467
1491296685328,1491296685467
1491296685328,1491296685467
1491296685328,1491296685467
1491296685328,1491296685467
1491296685328,1491296685467
1491296685328,1491296685467
1491296685328,1491296685467
1491296685328,1491296685468
1491296685328,1491296685468
1491296685328,1491296685468
1491296685328,1491296685468
1491296685328,1491296685468
1491296685328,1491296685468
1491296685328,1491296685468
1491296685328,1491296685468
1491296685328,1491296685468
1491296685328,1491296685468
1491296685328,1491296685468
1491296685328,1491296685468
1491296685328,1491296685468
1491296685328,1491296685469
1491296685328,1491296685469
1491296685328,1491296685469
1491296685328,1491296685469
1491296685328,1491296685469
1491296685328,1491296685469
1491296685328,1491296685469
1491296685328,1491296685469
1491296685328,1491296685469
1491296685328,1491296685469
1491296685328,1491296685469
1491296685328,1491296685469
1491296685328,1491296685469
1491296685328,1491296685469
1491296685328,1491296685469
1491296685328,1491296685470
1491296685328,1491296685470
1491296685328,1491296685470
1491296685328,1491296685470
1491296685328,1491296685470
1491296685328,1491296685470
1491296685328,1491296685470
1491296685328,1491296685470
1491296685328,1491296685470
1491296685328,1491296685470
1491296685328,1491296685470
1491296685328,1491296685470
1491296685328,1491296685470
1491296685328,1491296685470
1491296685328,1491296685470
1491296685328,1491296685470
1491296685328,1491296685471
1491296685328,1491296685471
1491296685328,1491296685471
1491296685328,1491296685471
1491296685328,1491296685471
1491296685328,1491296685471
1491296685328,1491296685471
1491296685328,1491296685471
1491296685328,1491296685471
1491296685328,1491296685471
1491296685328,1491296685471
1491296685328,1491296685471
1491296685328,1491296685471
1491296685328,1491296685471
1491296685328,1491296685472
1491296685328,1491296685472
1491296685328,1491296685472
1491296685328,1491296685472
1491296685328,1491296685472
1491296685329,1491296685472
1491296685329,1491296685472
1491296685329,1491296685472
1491296685329,1491296685472
1491296685329,1491296685472
1491296685329,1491296685472
1491296685329,1491296685472
1491296685329,1491296685473
1491296685329,1491296685473
1491296685329,1491296685473
1491296685329,1491296685473
1491296685329,1491296685473
1491296685329,1491296685473
1491296685329,1491296685473
1491296685329,1491296685473
1491296685329,1491296685473
1491296685329,1491296685473
1491296685329,1491296685473
1491296685329,1491296685473
1491296685329,1491296685473
1491296685329,1491296685473
1491296685329,1491296685473
1491296685329,1491296685474
1491296685329,1491296685474
1491296685329,1491296685474
1491296685329,1491296685474
1491296685329,1491296685474
1491296685329,1491296685474
1491296685329,1491296685474
1491296685329,1491296685474
1491296685329,1491296685474
1491296685329,1491296685474
1491296685329,1491296685474
1491296685329,1491296685474
1491296685329,1491296685474
1491296685329,1491296685474
1491296685329,1491296685475
1491296685329,1491296685475
1491296685329,1491296685475
1491296685329,1491296685475
1491296685329,1491296685475
1491296685329,1491296685475
1491296685329,1491296685475
1491296685329,1491296685475
1491296685329,1491296685475
1491296685329,1491296685475
1491296685329,1491296685475
1491296685329,1491296685475
1491296685329,1491296685475
1491296685329,1491296685475
1491296685329,1491296685475
1491296685329,1491296685476
1491296685329,1491296685476
1491296685329,1491296685476
1491296685329,1491296685476
1491296685329,1491296685476
1491296685329,1491296685476
1491296685329,1491296685476
1491296685329,1491296685476
1491296685329,1491296685476
1491296685329,1491296685476
1491296685329,1491296685476
1491296685329,1491296685476
1491296685329,1491296685476
1491296685329,1491296685476
1491296685329,1491296685476
1491296685329,1491296685476
1491296685329,1491296685476
1491296685329,1491296685477
1491296685329,1491296685477
1491296685329,1491296685477
1491296685329,1491296685477
1491296685329,1491296685477
1491296685329,1491296685477
1491296685329,1491296685477
1491296685329,1491296685477
1491296685329,1491296685477
1491296685329,1491296685477
1491296685329,1491296685477
1491296685329,1491296685477
1491296685329,1491296685477
1491296685329,1491296685477
1491296685329,1491296685477
1491296685329,1491296685477
1491296685329,1491296685477
1491296685329,1491296685478
1491296685329,1491296685478
1491296685329,1491296685478
1491296685329,1491296685478
1491296685329,1491296685478
1491296685329,1491296685478
1491296685329,1491296685478
1491296685329,1491296685478
1491296685329,1491296685478
1491296685329,1491296685478
1491296685329,1491296685478
1491296685329,1491296685478
1491296685329,1491296685478
1491296685329,1491296685478
1491296685329,1491296685478
1491296685329,1491296685478
1491296685329,1491296685478
1491296685329,1491296685479
1491296685329,1491296685479
1491296685329,1491296685479
1491296685329,1491296685479
1491296685329,1491296685479
1491296685329,1491296685479
1491296685329,1491296685479
1491296685329,1491296685479
1491296685329,1491296685479
1491296685329,1491296685479
1491296685329,1491296685479
1491296685329,1491296685479
1491296685329,1491296685479
1491296685329,1491296685479
1491296685329,1491296685479
1491296685329,1491296685480
1491296685329,1491296685480
1491296685329,1491296685480
1491296685329,1491296685480
1491296685329,1491296685480
1491296685329,1491296685480
1491296685329,1491296685480
1491296685329,1491296685480
1491296685329,1491296685480
1491296685329,1491296685480
1491296685329,1491296685480
1491296685329,1491296685480
1491296685329,1491296685480
1491296685329,1491296685480
1491296685329,1491296685480
1491296685329,1491296685481
1491296685329,1491296685481
1491296685329,1491296685481
1491296685329,1491296685481
1491296685329,1491296685481
1491296685329,1491296685481
1491296685329,1491296685481
1491296685329,1491296685481
1491296685329,1491296685481
1491296685329,1491296685481
1491296685329,1491296685481
1491296685329,1491296685481
1491296685329,1491296685481
1491296685329,1491296685481
1491296685329,1491296685481
1491296685329,1491296685481
1491296685329,1491296685482
1491296685329,1491296685482
1491296685329,1491296685482
1491296685329,1491296685482
1491296685329,1491296685482
1491296685329,1491296685482
1491296685329,1491296685482
1491296685329,1491296685482
1491296685329,1491296685482
1491296685329,1491296685482
1491296685329,1491296685482
1491296685329,1491296685482
1491296685329,1491296685482
1491296685329,1491296685482
1491296685329,1491296685482
1491296685329,1491296685482
1491296685329,1491296685483
1491296685329,1491296685483
1491296685329,1491296685483
1491296685329,1491296685483
1491296685329,1491296685483
1491296685329,1491296685483
1491296685329,1491296685483
1491296685329,1491296685483
1491296685329,1491296685483
1491296685329,1491296685483
1491296685329,1491296685483
1491296685329,1491296685483
1491296685330,1491296685483
1491296685330,1491296685483
1491296685330,1491296685483
1491296685330,1491296685483
1491296685330,1491296685484
1491296685330,1491296685484
1491296685330,1491296685484
1491296685330,1491296685484
1491296685330,1491296685484
1491296685330,1491296685484
1491296685330,1491296685484
1491296685330,1491296685484
1491296685330,1491296685484
1491296685330,1491296685484
1491296685330,1491296685484
1491296685330,1491296685484
1491296685330,1491296685484
1491296685330,1491296685484
1491296685330,1491296685484
1491296685330,1491296685484
1491296685330,1491296685485
1491296685330,1491296685485
1491296685330,1491296685485
1491296685330,1491296685485
1491296685330,1491296685485
1491296685330,1491296685485
1491296685330,1491296685485
1491296685330,1491296685485
1491296685330,1491296685485
1491296685330,1491296685485
1491296685330,1491296685485
1491296685330,1491296685485
1491296685330,1491296685485
1491296685330,1491296685485
1491296685330,1491296685485
1491296685330,1491296685485
1491296685330,1491296685485
1491296685330,1491296685485
1491296685330,1491296685486
1491296685330,1491296685486
1491296685330,1491296685486
1491296685330,1491296685486
1491296685330,1491296685486
1491296685330,1491296685486
1491296685330,1491296685486
1491296685330,1491296685486
1491296685330,1491296685486
1491296685330,1491296685486
