type,host,time,cpuTime,cpuLoad
cpu,client,1477416712640,9260000000,1.1101635956736229E-4
cpu,client,1477416712691,9260000000,0.0
cpu,client,1477416712742,9260000000,0.0
cpu,person-db,1477416712744,13710000000,1.6436574603466138E-4
cpu,patient-db,1477416712745,14360000000,1.7215841211438944E-4
cpu,knowledge-db,1477416712748,8610000000,1.0322309003415233E-4
cpu,client,1477416712793,9260000000,0.0
cpu,patient-db,1477416712795,14490000000,0.6842105263157895
cpu,knowledge-db,1477416712799,8620000000,0.05263157894736842
cpu,person-db,1477416712795,13760000000,0.25
cpu,client,1477416712843,9280000000,0.1
cpu,patient-db,1477416712846,14610000000,0.5714285714285714
cpu,knowledge-db,1477416712849,8620000000,0.0
cpu,person-db,1477416712864,13810000000,0.1724137931034483
cpu,client,1477416712894,9340000000,0.3
cpu,patient-db,1477416712896,14710000000,0.47619047619047616
cpu,knowledge-db,1477416712900,8620000000,0.0
cpu,person-db,1477416712915,13860000000,0.2631578947368421
cpu,client,1477416712944,9420000000,0.38095238095238093
cpu,patient-db,1477416712946,14800000000,0.47368421052631576
cpu,knowledge-db,1477416712950,8620000000,0.0
cpu,person-db,1477416712965,13920000000,0.3
cpu,client,1477416712994,9460000000,0.21052631578947367
cpu,patient-db,1477416712997,14870000000,0.35
cpu,knowledge-db,1477416713000,8620000000,0.0
cpu,person-db,1477416713015,13980000000,0.3157894736842105
cpu,client,1477416713044,9510000000,0.2631578947368421
cpu,knowledge-db,1477416713051,8620000000,0.0
cpu,patient-db,1477416713063,14980000000,0.44
cpu,person-db,1477416713066,14060000000,0.4
cpu,client,1477416713095,9570000000,0.3
cpu,knowledge-db,1477416713101,8620000000,0.0
cpu,patient-db,1477416713113,15060000000,0.38095238095238093
cpu,person-db,1477416713116,14110000000,0.22727272727272727
cpu,client,1477416713145,9630000000,0.2857142857142857
cpu,knowledge-db,1477416713151,8620000000,0.0
cpu,patient-db,1477416713164,15150000000,0.45
cpu,person-db,1477416713167,14160000000,0.2777777777777778
cpu,client,1477416713195,9680000000,0.2631578947368421
cpu,knowledge-db,1477416713201,8620000000,0.0
cpu,patient-db,1477416713214,15250000000,0.5263157894736842
cpu,person-db,1477416713217,14220000000,0.2857142857142857
cpu,client,1477416713246,9720000000,0.19047619047619047
cpu,knowledge-db,1477416713252,8620000000,0.0
cpu,patient-db,1477416713264,15370000000,0.5714285714285714
cpu,person-db,1477416713267,14240000000,0.10526315789473684
cpu,client,1477416713296,9830000000,0.5789473684210527
cpu,knowledge-db,1477416713302,8620000000,0.0
cpu,patient-db,1477416713315,15440000000,0.3684210526315789
cpu,person-db,1477416713317,14240000000,0.0
cpu,client,1477416713346,9900000000,0.35
cpu,knowledge-db,1477416713352,8620000000,0.0
cpu,patient-db,1477416713365,15590000000,0.6818181818181818
cpu,person-db,1477416713368,14240000000,0.0
cpu,client,1477416713396,9960000000,0.2857142857142857
cpu,knowledge-db,1477416713403,8620000000,0.0
cpu,patient-db,1477416713415,15720000000,0.6842105263157895
cpu,person-db,1477416713418,14240000000,0.0
cpu,client,1477416713447,10020000000,0.30000000000000004
cpu,knowledge-db,1477416713453,8620000000,0.0
cpu,patient-db,1477416713466,15870000000,0.75
cpu,person-db,1477416713468,14240000000,0.0
cpu,client,1477416713497,10070000000,0.25
cpu,knowledge-db,1477416713503,8620000000,0.0
cpu,patient-db,1477416713516,15980000000,0.5
cpu,person-db,1477416713518,14240000000,0.0
cpu,client,1477416713547,10150000000,0.42105263157894735
cpu,knowledge-db,1477416713553,8630000000,0.05
cpu,patient-db,1477416713566,16130000000,0.8333333333333333
cpu,person-db,1477416713569,14240000000,0.0
cpu,client,1477416713597,10180000000,0.14285714285714285
cpu,knowledge-db,1477416713604,8630000000,0.0
cpu,patient-db,1477416713616,16270000000,0.6666666666666666
cpu,person-db,1477416713619,14240000000,0.0
cpu,client,1477416713648,10240000000,0.2857142857142857
cpu,knowledge-db,1477416713654,8630000000,0.0
cpu,patient-db,1477416713667,16420000000,0.7894736842105263
cpu,person-db,1477416713669,14240000000,0.0
cpu,client,1477416713698,10270000000,0.15789473684210525
cpu,knowledge-db,1477416713704,8630000000,0.0
cpu,patient-db,1477416713717,16570000000,0.6818181818181818
cpu,person-db,1477416713719,14240000000,0.0
cpu,client,1477416713748,10320000000,0.23809523809523808
cpu,knowledge-db,1477416713755,8630000000,0.0
cpu,patient-db,1477416713767,16720000000,0.7894736842105263
cpu,person-db,1477416713770,14240000000,0.0
cpu,client,1477416713800,10350000000,0.14285714285714285
cpu,knowledge-db,1477416713805,8630000000,0.0
cpu,patient-db,1477416713818,16880000000,0.8
cpu,person-db,1477416713820,14240000000,0.0
cpu,client,1477416713851,10400000000,0.2777777777777778
cpu,knowledge-db,1477416713855,8630000000,0.0
cpu,patient-db,1477416713868,17030000000,0.75
cpu,person-db,1477416713870,14240000000,0.0
cpu,client,1477416713901,10440000000,0.2
cpu,knowledge-db,1477416713905,8630000000,0.0
cpu,patient-db,1477416713918,17160000000,0.7222222222222223
cpu,person-db,1477416713920,14240000000,0.0
cpu,client,1477416713951,10510000000,0.3684210526315789
cpu,knowledge-db,1477416713956,8630000000,0.0
cpu,patient-db,1477416713968,17260000000,0.5
cpu,person-db,1477416713971,14240000000,0.0
cpu,client,1477416714001,10510000000,0.0
cpu,knowledge-db,1477416714006,8630000000,0.0
cpu,patient-db,1477416714019,17340000000,0.4
cpu,person-db,1477416714021,14240000000,0.0
cpu,client,1477416714052,10510000000,0.0
cpu,knowledge-db,1477416714056,8630000000,0.0
cpu,patient-db,1477416714069,17390000000,0.22727272727272727
cpu,person-db,1477416714071,14240000000,0.0
cpu,client,1477416714102,10510000000,0.0
cpu,knowledge-db,1477416714106,8630000000,0.0
cpu,patient-db,1477416714119,17440000000,0.2631578947368421
cpu,person-db,1477416714121,14250000000,0.05
cpu,client,1477416714152,10510000000,0.0
cpu,knowledge-db,1477416714157,8630000000,0.0
cpu,patient-db,1477416714169,17490000000,0.25
cpu,person-db,1477416714172,14260000000,0.05
cpu,client,1477416714202,10510000000,0.0
cpu,knowledge-db,1477416714207,8640000000,0.05
cpu,patient-db,1477416714220,17540000000,0.2631578947368421
cpu,person-db,1477416714222,14260000000,0.0
cpu,client,1477416714253,10510000000,0.0
cpu,knowledge-db,1477416714257,8640000000,0.0
cpu,patient-db,1477416714270,17590000000,0.25
cpu,person-db,1477416714272,14260000000,0.0
cpu,client,1477416714303,10510000000,0.0
cpu,knowledge-db,1477416714307,8640000000,0.0
cpu,patient-db,1477416714320,17640000000,0.23809523809523808
cpu,person-db,1477416714322,14260000000,0.0
cpu,client,1477416714353,10510000000,0.0
cpu,knowledge-db,1477416714358,8640000000,0.0
cpu,patient-db,1477416714370,17690000000,0.25
cpu,person-db,1477416714372,14260000000,0.0
cpu,client,1477416714403,10510000000,0.0
cpu,knowledge-db,1477416714408,8640000000,0.0
cpu,patient-db,1477416714421,17740000000,0.25
cpu,person-db,1477416714423,14260000000,0.0
cpu,client,1477416714454,10520000000,0.05
cpu,knowledge-db,1477416714458,8640000000,0.0
cpu,patient-db,1477416714471,17800000000,0.3
cpu,person-db,1477416714473,14260000000,0.0
cpu,client,1477416714504,10520000000,0.0
cpu,knowledge-db,1477416714508,8640000000,0.0
cpu,patient-db,1477416714521,17850000000,0.25
cpu,person-db,1477416714523,14260000000,0.0
cpu,client,1477416714554,10520000000,0.0
cpu,knowledge-db,1477416714559,8640000000,0.0
cpu,patient-db,1477416714571,17900000000,0.23809523809523808
cpu,person-db,1477416714573,14260000000,0.0
cpu,client,1477416714604,10520000000,0.0
cpu,knowledge-db,1477416714609,8640000000,0.0
cpu,patient-db,1477416714622,17950000000,0.2631578947368421
cpu,person-db,1477416714623,14260000000,0.0
cpu,client,1477416714655,10520000000,0.0
cpu,knowledge-db,1477416714659,8640000000,0.0
cpu,patient-db,1477416714672,18000000000,0.25
cpu,person-db,1477416714674,14260000000,0.0
cpu,client,1477416714705,10520000000,0.0
cpu,knowledge-db,1477416714709,8640000000,0.0
cpu,patient-db,1477416714722,18050000000,0.25
cpu,person-db,1477416714724,14260000000,0.0
cpu,client,1477416714755,10520000000,0.0
cpu,knowledge-db,1477416714760,8640000000,0.0
cpu,patient-db,1477416714772,18100000000,0.23809523809523808
cpu,person-db,1477416714774,14260000000,0.0
cpu,client,1477416714805,10520000000,0.0
cpu,knowledge-db,1477416714810,8640000000,0.0
cpu,patient-db,1477416714822,18150000000,0.2631578947368421
cpu,person-db,1477416714824,14260000000,0.0
cpu,client,1477416714856,10520000000,0.0
cpu,knowledge-db,1477416714860,8640000000,0.0
cpu,patient-db,1477416714873,18200000000,0.23809523809523808
cpu,person-db,1477416714875,14260000000,0.0
cpu,client,1477416714906,10530000000,0.05
cpu,knowledge-db,1477416714910,8640000000,0.0
cpu,patient-db,1477416714923,18250000000,0.2631578947368421
cpu,person-db,1477416714925,14260000000,0.0
cpu,client,1477416714956,10530000000,0.0
cpu,knowledge-db,1477416714961,8640000000,0.0
cpu,patient-db,1477416714973,18300000000,0.25
cpu,person-db,1477416714975,14260000000,0.0
cpu,client,1477416715006,10530000000,0.0
cpu,knowledge-db,1477416715011,8640000000,0.0
cpu,patient-db,1477416715023,18360000000,0.3
cpu,person-db,1477416715025,14270000000,0.05
cpu,client,1477416715057,10530000000,0.0
cpu,knowledge-db,1477416715061,8640000000,0.0
cpu,patient-db,1477416715074,18400000000,0.19047619047619047
cpu,person-db,1477416715075,14270000000,0.0
cpu,client,1477416715107,10530000000,0.0
cpu,knowledge-db,1477416715111,8640000000,0.0
cpu,patient-db,1477416715124,18460000000,0.2857142857142857
cpu,person-db,1477416715126,14270000000,0.0
cpu,client,1477416715157,10530000000,0.0
cpu,knowledge-db,1477416715162,8640000000,0.0
cpu,patient-db,1477416715174,18460000000,0.0
cpu,person-db,1477416715176,14270000000,0.0
cpu,client,1477416715208,10530000000,0.0
cpu,knowledge-db,1477416715212,8650000000,0.047619047619047616
cpu,patient-db,1477416715224,18470000000,0.05
cpu,person-db,1477416715226,14270000000,0.0
cpu,client,1477416715258,10530000000,0.0
cpu,knowledge-db,1477416715262,8650000000,0.0
cpu,patient-db,1477416715275,18470000000,0.0
cpu,person-db,1477416715277,14270000000,0.0
cpu,client,1477416715309,10530000000,0.0
cpu,knowledge-db,1477416715313,8650000000,0.0
cpu,patient-db,1477416715326,18470000000,0.0
cpu,person-db,1477416715327,14270000000,0.0
cpu,client,1477416715359,10530000000,0.0
cpu,knowledge-db,1477416715364,8650000000,0.0
cpu,patient-db,1477416715377,18480000000,0.05
cpu,person-db,1477416715378,14270000000,0.0
cpu,client,1477416715410,10530000000,0.0
cpu,knowledge-db,1477416715415,8650000000,0.0
cpu,person-db,1477416715429,14290000000,0.1
cpu,patient-db,1477416715429,18480000000,0.0
cpu,client,1477416715461,10530000000,0.0
cpu,knowledge-db,1477416715465,8660000000,0.047619047619047616
cpu,person-db,1477416715479,14290000000,0.0
cpu,patient-db,1477416715479,18480000000,0.0
cpu,client,1477416715511,10540000000,0.047619047619047616
cpu,knowledge-db,1477416715516,8660000000,0.0
cpu,person-db,1477416715530,14290000000,0.0
cpu,patient-db,1477416715530,18480000000,0.0
cpu,client,1477416715562,10540000000,0.0
cpu,knowledge-db,1477416715566,8660000000,0.0
cpu,person-db,1477416715580,14290000000,0.0
cpu,patient-db,1477416715581,18480000000,0.0
cpu,client,1477416715613,10540000000,0.0
cpu,knowledge-db,1477416715617,8660000000,0.0
cpu,person-db,1477416715631,14290000000,0.0
cpu,patient-db,1477416715631,18480000000,0.0
cpu,client,1477416715663,10550000000,0.05
cpu,knowledge-db,1477416715668,8660000000,0.0
cpu,person-db,1477416715682,14290000000,0.0
cpu,patient-db,1477416715682,18480000000,0.0
cpu,client,1477416715714,10550000000,0.0
cpu,knowledge-db,1477416715718,8660000000,0.0
cpu,person-db,1477416715732,14300000000,0.05
cpu,patient-db,1477416715733,18480000000,0.0
cpu,client,1477416715765,10560000000,0.047619047619047616
cpu,knowledge-db,1477416715769,8660000000,0.0
cpu,person-db,1477416715783,14300000000,0.0
cpu,patient-db,1477416715783,18480000000,0.0
cpu,client,1477416715815,10560000000,0.0
cpu,knowledge-db,1477416715820,8660000000,0.0
cpu,person-db,1477416715833,14300000000,0.0
cpu,patient-db,1477416715834,18490000000,0.05
cpu,client,1477416715866,10560000000,0.0
cpu,knowledge-db,1477416715870,8660000000,0.0
cpu,person-db,1477416715884,14300000000,0.0
cpu,patient-db,1477416715885,18490000000,0.0
cpu,client,1477416715917,10560000000,0.0
cpu,knowledge-db,1477416715921,8660000000,0.0
cpu,person-db,1477416715935,14310000000,0.05263157894736842
cpu,patient-db,1477416715936,18490000000,0.0
cpu,client,1477416715968,10560000000,0.0
cpu,knowledge-db,1477416715972,8670000000,0.047619047619047616
cpu,person-db,1477416715986,14310000000,0.0
cpu,patient-db,1477416715987,18500000000,0.05
cpu,client,1477416716018,10560000000,0.0
cpu,knowledge-db,1477416716022,8670000000,0.0
cpu,person-db,1477416716036,14310000000,0.0
cpu,patient-db,1477416716037,18500000000,0.0
cpu,client,1477416716069,10560000000,0.0
cpu,knowledge-db,1477416716073,8670000000,0.0
cpu,person-db,1477416716087,14310000000,0.0
cpu,patient-db,1477416716088,18500000000,0.0
cpu,client,1477416716119,10560000000,0.0
cpu,knowledge-db,1477416716124,8670000000,0.0
cpu,person-db,1477416716137,14310000000,0.0
cpu,patient-db,1477416716139,18500000000,0.0
cpu,client,1477416716170,10560000000,0.0
cpu,knowledge-db,1477416716174,8680000000,0.05263157894736842
cpu,person-db,1477416716188,14310000000,0.0
cpu,patient-db,1477416716189,18500000000,0.0
cpu,client,1477416716221,10560000000,0.0
cpu,knowledge-db,1477416716225,8680000000,0.0
cpu,person-db,1477416716238,14310000000,0.0
cpu,patient-db,1477416716240,18500000000,0.0
cpu,client,1477416716271,10560000000,0.0
cpu,knowledge-db,1477416716276,8680000000,0.0
cpu,person-db,1477416716289,14310000000,0.0
cpu,patient-db,1477416716291,18500000000,0.0
cpu,client,1477416716322,10560000000,0.0
cpu,knowledge-db,1477416716326,8680000000,0.0
cpu,person-db,1477416716340,14310000000,0.0
cpu,patient-db,1477416716342,18510000000,0.05
cpu,client,1477416716373,10560000000,0.0
cpu,knowledge-db,1477416716377,8680000000,0.0
cpu,person-db,1477416716390,14310000000,0.0
cpu,patient-db,1477416716392,18510000000,0.0
cpu,client,1477416716423,10560000000,0.0
cpu,knowledge-db,1477416716428,8690000000,0.05
cpu,person-db,1477416716441,14320000000,0.05
cpu,patient-db,1477416716443,18510000000,0.0
cpu,client,1477416716474,10580000000,0.09523809523809523
cpu,knowledge-db,1477416716479,8690000000,0.0
cpu,person-db,1477416716492,14320000000,0.0
cpu,patient-db,1477416716494,18510000000,0.0
cpu,client,1477416716525,10580000000,0.0
cpu,knowledge-db,1477416716529,8690000000,0.0
cpu,person-db,1477416716542,14330000000,0.05
cpu,patient-db,1477416716544,18510000000,0.0
cpu,client,1477416716575,10580000000,0.0
cpu,knowledge-db,1477416716580,8690000000,0.0
cpu,person-db,1477416716593,14330000000,0.0
cpu,patient-db,1477416716595,18520000000,0.05
cpu,client,1477416716626,10580000000,0.0
cpu,knowledge-db,1477416716631,8700000000,0.05263157894736842
cpu,person-db,1477416716643,14330000000,0.0
cpu,patient-db,1477416716646,18520000000,0.0
cpu,client,1477416716677,10580000000,0.0
cpu,knowledge-db,1477416716681,8700000000,0.0
cpu,person-db,1477416716694,14330000000,0.0
cpu,patient-db,1477416716696,18520000000,0.0
cpu,client,1477416716728,10580000000,0.0
cpu,knowledge-db,1477416716732,8700000000,0.0
cpu,person-db,1477416716745,14330000000,0.0
cpu,patient-db,1477416716747,18520000000,0.0
cpu,client,1477416716778,10590000000,0.05263157894736842
cpu,knowledge-db,1477416716783,8710000000,0.05263157894736842
cpu,person-db,1477416716795,14330000000,0.0
cpu,patient-db,1477416716798,18530000000,0.05263157894736842
cpu,client,1477416716829,10590000000,0.0
cpu,knowledge-db,1477416716833,8710000000,0.0
cpu,person-db,1477416716846,14340000000,0.05
cpu,patient-db,1477416716848,18530000000,0.0
cpu,client,1477416716880,10590000000,0.0
cpu,knowledge-db,1477416716884,8710000000,0.0
cpu,person-db,1477416716897,14340000000,0.0
cpu,patient-db,1477416716899,18530000000,0.0
cpu,client,1477416716930,10590000000,0.0
cpu,knowledge-db,1477416716935,8710000000,0.0
cpu,person-db,1477416716947,14340000000,0.0
cpu,patient-db,1477416716950,18530000000,0.0
cpu,client,1477416716981,10590000000,0.0
cpu,knowledge-db,1477416716985,8710000000,0.0
cpu,person-db,1477416716998,14340000000,0.0
cpu,patient-db,1477416717001,18530000000,0.0
cpu,client,1477416717032,10590000000,0.0
cpu,knowledge-db,1477416717036,8710000000,0.0
cpu,person-db,1477416717048,14340000000,0.0
cpu,patient-db,1477416717051,18530000000,0.0
cpu,client,1477416717082,10600000000,0.05263157894736842
cpu,knowledge-db,1477416717086,8720000000,0.05
cpu,person-db,1477416717099,14340000000,0.0
cpu,patient-db,1477416717101,18530000000,0.0
cpu,client,1477416717133,10600000000,0.0
cpu,knowledge-db,1477416717137,8720000000,0.0
cpu,person-db,1477416717149,14340000000,0.0
cpu,patient-db,1477416717152,18530000000,0.0
cpu,client,1477416717184,10600000000,0.0
cpu,knowledge-db,1477416717188,8720000000,0.0
cpu,person-db,1477416717200,14410000000,0.3333333333333333
cpu,patient-db,1477416717203,18540000000,0.05
cpu,client,1477416717234,10600000000,0.0
cpu,knowledge-db,1477416717238,8720000000,0.0
cpu,person-db,1477416717250,14410000000,0.0
cpu,patient-db,1477416717253,18540000000,0.0
cpu,client,1477416717284,10600000000,0.0
cpu,knowledge-db,1477416717289,8720000000,0.0
cpu,person-db,1477416717301,14410000000,0.0
cpu,patient-db,1477416717304,18540000000,0.0
cpu,client,1477416717335,10610000000,0.05263157894736842
cpu,knowledge-db,1477416717339,8720000000,0.0
cpu,person-db,1477416717351,14410000000,0.0
cpu,patient-db,1477416717354,18540000000,0.0
cpu,client,1477416717386,10610000000,0.0
cpu,knowledge-db,1477416717390,8720000000,0.0
cpu,person-db,1477416717402,14410000000,0.0
cpu,patient-db,1477416717405,18540000000,0.0
cpu,client,1477416717436,10620000000,0.05263157894736842
cpu,knowledge-db,1477416717441,8730000000,0.05263157894736842
cpu,person-db,1477416717453,14420000000,0.05263157894736842
cpu,patient-db,1477416717456,18550000000,0.05263157894736842
cpu,client,1477416717487,10630000000,0.05
cpu,knowledge-db,1477416717491,8730000000,0.0
cpu,person-db,1477416717503,14430000000,0.047619047619047616
cpu,patient-db,1477416717506,18560000000,0.047619047619047616
cpu,client,1477416717538,10630000000,0.0
cpu,knowledge-db,1477416717542,8730000000,0.0
cpu,person-db,1477416717554,14430000000,0.0
cpu,patient-db,1477416717557,18560000000,0.0
cpu,client,1477416717589,10640000000,0.05263157894736842
cpu,knowledge-db,1477416717593,8730000000,0.0
cpu,person-db,1477416717604,14430000000,0.0
cpu,patient-db,1477416717608,18560000000,0.0
cpu,client,1477416717639,10640000000,0.0
cpu,knowledge-db,1477416717643,8730000000,0.0
cpu,person-db,1477416717655,14430000000,0.0
cpu,patient-db,1477416717659,18560000000,0.0
cpu,client,1477416717690,10640000000,0.0
cpu,knowledge-db,1477416717694,8740000000,0.05
cpu,person-db,1477416717706,14430000000,0.0
cpu,patient-db,1477416717709,18560000000,0.0
cpu,client,1477416717740,10640000000,0.0
cpu,knowledge-db,1477416717745,8740000000,0.0
cpu,person-db,1477416717756,14430000000,0.0
cpu,patient-db,1477416717760,18560000000,0.0
cpu,client,1477416717791,10640000000,0.0
cpu,knowledge-db,1477416717795,8740000000,0.0
cpu,person-db,1477416717807,14430000000,0.0
cpu,patient-db,1477416717811,18570000000,0.047619047619047616
cpu,client,1477416717842,10640000000,0.0
cpu,knowledge-db,1477416717846,8740000000,0.0
cpu,person-db,1477416717857,14430000000,0.0
cpu,patient-db,1477416717861,18570000000,0.0
cpu,client,1477416717893,10640000000,0.0
cpu,knowledge-db,1477416717897,8740000000,0.0
cpu,person-db,1477416717908,14430000000,0.0
cpu,patient-db,1477416717912,18570000000,0.0
cpu,client,1477416717943,10640000000,0.0
cpu,knowledge-db,1477416717947,8740000000,0.0
cpu,person-db,1477416717958,14430000000,0.0
cpu,patient-db,1477416717962,18570000000,0.0
cpu,client,1477416717994,10640000000,0.0
cpu,knowledge-db,1477416717998,8750000000,0.05
cpu,person-db,1477416718009,14430000000,0.0
cpu,patient-db,1477416718013,18570000000,0.0
cpu,client,1477416718045,10640000000,0.0
cpu,knowledge-db,1477416718048,8750000000,0.0
cpu,person-db,1477416718059,14430000000,0.0
cpu,patient-db,1477416718063,18570000000,0.0
cpu,client,1477416718095,10640000000,0.0
cpu,knowledge-db,1477416718099,8750000000,0.0
cpu,person-db,1477416718110,14430000000,0.0
cpu,patient-db,1477416718114,18570000000,0.0
cpu,client,1477416718146,10640000000,0.0
cpu,knowledge-db,1477416718150,8760000000,0.05
cpu,person-db,1477416718160,14430000000,0.0
cpu,patient-db,1477416718165,18570000000,0.0
cpu,client,1477416718197,10650000000,0.05
cpu,knowledge-db,1477416718201,8760000000,0.0
cpu,person-db,1477416718211,14430000000,0.0
cpu,patient-db,1477416718215,18570000000,0.0
cpu,client,1477416718247,10650000000,0.0
cpu,knowledge-db,1477416718251,8760000000,0.0
cpu,person-db,1477416718262,14440000000,0.047619047619047616
cpu,patient-db,1477416718266,18570000000,0.0
cpu,client,1477416718298,10650000000,0.0
cpu,knowledge-db,1477416718302,8770000000,0.05
cpu,person-db,1477416718312,14440000000,0.0
cpu,patient-db,1477416718317,18570000000,0.0
cpu,client,1477416718348,10650000000,0.0
cpu,knowledge-db,1477416718353,8770000000,0.0
cpu,person-db,1477416718363,14440000000,0.0
cpu,patient-db,1477416718367,18570000000,0.0
cpu,client,1477416718399,10650000000,0.0
cpu,knowledge-db,1477416718403,8770000000,0.0
cpu,person-db,1477416718414,14440000000,0.0
cpu,patient-db,1477416718418,18570000000,0.0
cpu,client,1477416718450,10670000000,0.10526315789473684
cpu,knowledge-db,1477416718454,8790000000,0.1111111111111111
cpu,person-db,1477416718464,14450000000,0.05263157894736842
cpu,patient-db,1477416718469,18580000000,0.05263157894736842
cpu,client,1477416718501,10680000000,0.047619047619047616
cpu,knowledge-db,1477416718504,8790000000,0.0
cpu,person-db,1477416718515,14450000000,0.0
cpu,patient-db,1477416718519,18580000000,0.0
cpu,client,1477416718551,10680000000,0.0
cpu,knowledge-db,1477416718555,8800000000,0.045454545454545456
cpu,person-db,1477416718565,14450000000,0.0
cpu,patient-db,1477416718570,18580000000,0.0
cpu,client,1477416718602,10680000000,0.0
cpu,knowledge-db,1477416718606,8800000000,0.0
cpu,person-db,1477416718616,14450000000,0.0
cpu,patient-db,1477416718620,18580000000,0.0
cpu,client,1477416718653,10680000000,0.0
cpu,knowledge-db,1477416718656,8800000000,0.0
cpu,person-db,1477416718666,14450000000,0.0
cpu,patient-db,1477416718671,18580000000,0.0
cpu,client,1477416718703,10680000000,0.0
cpu,knowledge-db,1477416718707,8810000000,0.05
cpu,person-db,1477416718717,14450000000,0.0
cpu,patient-db,1477416718722,18580000000,0.0
cpu,client,1477416718754,10690000000,0.047619047619047616
cpu,knowledge-db,1477416718758,8810000000,0.0
cpu,person-db,1477416718767,14450000000,0.0
cpu,patient-db,1477416718772,18580000000,0.0
cpu,client,1477416718805,10690000000,0.0
cpu,knowledge-db,1477416718809,8810000000,0.0
cpu,person-db,1477416718818,14460000000,0.047619047619047616
cpu,patient-db,1477416718823,18580000000,0.0
cpu,client,1477416718855,10690000000,0.0
cpu,knowledge-db,1477416718859,8810000000,0.0
cpu,person-db,1477416718869,14460000000,0.0
cpu,patient-db,1477416718874,18590000000,0.05
cpu,client,1477416718906,10700000000,0.05
cpu,knowledge-db,1477416718910,8810000000,0.0
cpu,person-db,1477416718919,14460000000,0.0
cpu,patient-db,1477416718924,18590000000,0.0
cpu,client,1477416718957,10700000000,0.0
cpu,knowledge-db,1477416718961,8810000000,0.0
cpu,person-db,1477416718970,14460000000,0.0
cpu,patient-db,1477416718975,18590000000,0.0
cpu,client,1477416719008,10700000000,0.0
cpu,knowledge-db,1477416719011,8820000000,0.047619047619047616
cpu,person-db,1477416719021,14460000000,0.0
cpu,patient-db,1477416719025,18590000000,0.0
cpu,client,1477416719058,10700000000,0.0
cpu,knowledge-db,1477416719062,8820000000,0.0
cpu,person-db,1477416719071,14460000000,0.0
cpu,patient-db,1477416719076,18590000000,0.0
cpu,client,1477416719109,10710000000,0.05
cpu,knowledge-db,1477416719112,8820000000,0.0
cpu,person-db,1477416719122,14470000000,0.05263157894736842
cpu,patient-db,1477416719126,18590000000,0.0
cpu,client,1477416719159,10710000000,0.0
cpu,knowledge-db,1477416719163,8820000000,0.0
cpu,person-db,1477416719172,14470000000,0.0
cpu,patient-db,1477416719177,18600000000,0.047619047619047616
cpu,client,1477416719210,10710000000,0.0
cpu,knowledge-db,1477416719214,8820000000,0.0
cpu,person-db,1477416719223,14470000000,0.0
cpu,patient-db,1477416719228,18600000000,0.0
cpu,client,1477416719261,10710000000,0.0
cpu,knowledge-db,1477416719265,8830000000,0.05
cpu,person-db,1477416719274,14480000000,0.047619047619047616
cpu,patient-db,1477416719279,18600000000,0.0
cpu,client,1477416719311,10710000000,0.0
cpu,knowledge-db,1477416719315,8830000000,0.0
cpu,person-db,1477416719324,14480000000,0.0
cpu,patient-db,1477416719329,18600000000,0.0
cpu,client,1477416719362,10710000000,0.0
cpu,knowledge-db,1477416719366,8830000000,0.0
cpu,person-db,1477416719375,14480000000,0.0
cpu,patient-db,1477416719380,18600000000,0.0
cpu,client,1477416719412,10710000000,0.0
cpu,knowledge-db,1477416719416,8840000000,0.05263157894736842
cpu,person-db,1477416719426,14480000000,0.0
cpu,patient-db,1477416719431,18600000000,0.0
cpu,client,1477416719463,10710000000,0.0
cpu,knowledge-db,1477416719467,8850000000,0.047619047619047616
cpu,person-db,1477416719477,14480000000,0.0
cpu,patient-db,1477416719481,18600000000,0.0
cpu,client,1477416719513,10710000000,0.0
cpu,knowledge-db,1477416719518,8850000000,0.0
cpu,person-db,1477416719527,14490000000,0.05
cpu,patient-db,1477416719531,18600000000,0.0
cpu,client,1477416719564,10720000000,0.05
cpu,knowledge-db,1477416719568,8850000000,0.0
cpu,person-db,1477416719578,14490000000,0.0
cpu,patient-db,1477416719582,18600000000,0.0
cpu,client,1477416719615,10720000000,0.0
cpu,knowledge-db,1477416719619,8850000000,0.0
cpu,person-db,1477416719628,14490000000,0.0
cpu,patient-db,1477416719633,18610000000,0.05263157894736842
cpu,client,1477416719665,10720000000,0.0
cpu,knowledge-db,1477416719669,8850000000,0.0
cpu,person-db,1477416719679,14490000000,0.0
cpu,patient-db,1477416719683,18610000000,0.0
cpu,client,1477416719716,10720000000,0.0
cpu,knowledge-db,1477416719720,8850000000,0.0
cpu,person-db,1477416719729,14490000000,0.0
cpu,patient-db,1477416719734,18610000000,0.0
cpu,client,1477416719767,10720000000,0.0
cpu,knowledge-db,1477416719771,8850000000,0.0
cpu,person-db,1477416719780,14490000000,0.0
cpu,patient-db,1477416719785,18610000000,0.0
cpu,client,1477416719817,10720000000,0.0
cpu,knowledge-db,1477416719821,8850000000,0.0
cpu,person-db,1477416719831,14490000000,0.0
cpu,patient-db,1477416719835,18610000000,0.0
cpu,client,1477416719868,10720000000,0.0
cpu,knowledge-db,1477416719872,8850000000,0.0
cpu,person-db,1477416719881,14490000000,0.0
cpu,patient-db,1477416719886,18610000000,0.0
cpu,client,1477416719918,10720000000,0.0
cpu,knowledge-db,1477416719922,8850000000,0.0
cpu,person-db,1477416719932,14490000000,0.0
cpu,patient-db,1477416719936,18620000000,0.05263157894736842
cpu,client,1477416719969,10720000000,0.0
cpu,knowledge-db,1477416719973,8850000000,0.0
cpu,person-db,1477416719982,14500000000,0.047619047619047616
cpu,patient-db,1477416719987,18620000000,0.0
cpu,client,1477416720020,10720000000,0.0
cpu,knowledge-db,1477416720024,8860000000,0.05263157894736842
cpu,person-db,1477416720033,14500000000,0.0
cpu,patient-db,1477416720037,18620000000,0.0
cpu,client,1477416720070,10720000000,0.0
cpu,knowledge-db,1477416720074,8860000000,0.0
cpu,person-db,1477416720083,14500000000,0.0
cpu,patient-db,1477416720088,18620000000,0.0
cpu,client,1477416720121,10720000000,0.0
cpu,knowledge-db,1477416720125,8860000000,0.0
cpu,person-db,1477416720134,14500000000,0.0
cpu,patient-db,1477416720139,18620000000,0.0
cpu,client,1477416720171,10730000000,0.05
cpu,knowledge-db,1477416720175,8860000000,0.0
cpu,person-db,1477416720184,14500000000,0.0
cpu,patient-db,1477416720189,18620000000,0.0
cpu,client,1477416720222,10730000000,0.0
cpu,knowledge-db,1477416720226,8860000000,0.0
cpu,person-db,1477416720235,14500000000,0.0
cpu,patient-db,1477416720240,18620000000,0.0
cpu,client,1477416720273,10730000000,0.0
cpu,knowledge-db,1477416720276,8860000000,0.0
cpu,person-db,1477416720286,14500000000,0.0
cpu,patient-db,1477416720290,18630000000,0.05
cpu,client,1477416720323,10730000000,0.0
cpu,knowledge-db,1477416720327,8860000000,0.0
cpu,person-db,1477416720336,14500000000,0.0
cpu,patient-db,1477416720341,18630000000,0.0
cpu,client,1477416720374,10740000000,0.05263157894736842
cpu,knowledge-db,1477416720377,8860000000,0.0
cpu,person-db,1477416720387,14500000000,0.0
cpu,patient-db,1477416720391,18630000000,0.0
cpu,client,1477416720425,10740000000,0.0
cpu,knowledge-db,1477416720428,8870000000,0.047619047619047616
cpu,person-db,1477416720437,14510000000,0.047619047619047616
cpu,patient-db,1477416720442,18640000000,0.05
cpu,client,1477416720475,10740000000,0.0
cpu,knowledge-db,1477416720479,8870000000,0.0
cpu,person-db,1477416720488,14510000000,0.0
cpu,patient-db,1477416720492,18640000000,0.0
cpu,client,1477416720526,10740000000,0.0
cpu,knowledge-db,1477416720529,8870000000,0.0
cpu,person-db,1477416720538,14510000000,0.0
cpu,patient-db,1477416720543,18640000000,0.0
cpu,client,1477416720577,10750000000,0.05
cpu,knowledge-db,1477416720580,8870000000,0.0
cpu,person-db,1477416720589,14520000000,0.05
cpu,patient-db,1477416720594,18640000000,0.0
cpu,client,1477416720627,10750000000,0.0
cpu,knowledge-db,1477416720630,8870000000,0.0
cpu,person-db,1477416720639,14520000000,0.0
cpu,patient-db,1477416720644,18640000000,0.0
cpu,client,1477416720678,10750000000,0.0
cpu,knowledge-db,1477416720681,8870000000,0.0
cpu,person-db,1477416720690,14520000000,0.0
cpu,patient-db,1477416720695,18640000000,0.0
cpu,client,1477416720729,10760000000,0.05
cpu,knowledge-db,1477416720732,8870000000,0.0
cpu,person-db,1477416720740,14520000000,0.0
cpu,patient-db,1477416720746,18640000000,0.0
cpu,client,1477416720779,10760000000,0.0
cpu,knowledge-db,1477416720782,8870000000,0.0
cpu,person-db,1477416720791,14520000000,0.0
cpu,patient-db,1477416720796,18640000000,0.0
cpu,client,1477416720830,10760000000,0.0
cpu,knowledge-db,1477416720833,8870000000,0.0
cpu,person-db,1477416720842,14530000000,0.047619047619047616
cpu,patient-db,1477416720847,18650000000,0.05263157894736842
cpu,client,1477416720880,10760000000,0.0
cpu,knowledge-db,1477416720883,8870000000,0.0
cpu,person-db,1477416720892,14530000000,0.0
cpu,patient-db,1477416720898,18650000000,0.0
cpu,client,1477416720931,10760000000,0.0
cpu,knowledge-db,1477416720934,8870000000,0.0
cpu,person-db,1477416720943,14540000000,0.05263157894736842
cpu,patient-db,1477416720948,18650000000,0.0
cpu,client,1477416720982,10760000000,0.0
cpu,knowledge-db,1477416720985,8870000000,0.0
cpu,person-db,1477416720994,14540000000,0.0
cpu,patient-db,1477416720999,18650000000,0.0
cpu,client,1477416721032,10760000000,0.0
cpu,knowledge-db,1477416721035,8870000000,0.0
cpu,person-db,1477416721044,14540000000,0.0
cpu,patient-db,1477416721049,18660000000,0.05
cpu,client,1477416721083,10760000000,0.0
cpu,knowledge-db,1477416721086,8870000000,0.0
cpu,person-db,1477416721094,14540000000,0.0
cpu,patient-db,1477416721100,18660000000,0.0
cpu,client,1477416721133,10760000000,0.0
cpu,knowledge-db,1477416721136,8880000000,0.05
cpu,person-db,1477416721145,14540000000,0.0
cpu,patient-db,1477416721151,18660000000,0.0
cpu,client,1477416721184,10760000000,0.0
cpu,knowledge-db,1477416721187,8880000000,0.0
cpu,person-db,1477416721196,14540000000,0.0
cpu,patient-db,1477416721201,18660000000,0.0
cpu,client,1477416721235,10760000000,0.0
cpu,knowledge-db,1477416721237,8880000000,0.047619047619047616
cpu,person-db,1477416721246,14540000000,0.0
cpu,patient-db,1477416721252,18660000000,0.0
cpu,client,1477416721285,10760000000,0.0
cpu,knowledge-db,1477416721288,8890000000,0.0
cpu,person-db,1477416721297,14540000000,0.0
cpu,patient-db,1477416721302,18660000000,0.0
cpu,client,1477416721336,10770000000,0.05
cpu,knowledge-db,1477416721339,8890000000,0.0
cpu,person-db,1477416721347,14540000000,0.0
cpu,patient-db,1477416721353,18660000000,0.0
cpu,client,1477416721387,10770000000,0.0
cpu,knowledge-db,1477416721390,8900000000,0.05263157894736842
cpu,person-db,1477416721398,14540000000,0.0
cpu,patient-db,1477416721404,18660000000,0.0
cpu,client,1477416721437,10770000000,0.0
cpu,knowledge-db,1477416721440,8900000000,0.0
cpu,person-db,1477416721449,14540000000,0.0
cpu,patient-db,1477416721454,18670000000,0.05263157894736842
cpu,client,1477416721488,10770000000,0.0
cpu,knowledge-db,1477416721491,8900000000,0.0
cpu,person-db,1477416721499,14540000000,0.047619047619047616
cpu,patient-db,1477416721505,18670000000,0.0
cpu,client,1477416721538,10770000000,0.0
cpu,knowledge-db,1477416721542,8900000000,0.0
cpu,person-db,1477416721550,14550000000,0.0
cpu,patient-db,1477416721556,18670000000,0.0
cpu,client,1477416721589,10770000000,0.05
cpu,knowledge-db,1477416721592,8900000000,0.0
cpu,person-db,1477416721600,14550000000,0.0
cpu,patient-db,1477416721606,18670000000,0.0
cpu,client,1477416721640,10780000000,0.0
cpu,knowledge-db,1477416721643,8900000000,0.0
cpu,person-db,1477416721651,14550000000,0.0
cpu,patient-db,1477416721657,18670000000,0.0
cpu,client,1477416721690,10780000000,0.0
cpu,knowledge-db,1477416721693,8900000000,0.0
cpu,person-db,1477416721701,14550000000,0.0
cpu,patient-db,1477416721707,18670000000,0.0
cpu,client,1477416721741,10790000000,0.05
cpu,knowledge-db,1477416721745,8900000000,0.0
cpu,person-db,1477416721752,14550000000,0.0
cpu,patient-db,1477416721758,18670000000,0.0
cpu,client,1477416721792,10790000000,0.0
cpu,knowledge-db,1477416721795,8910000000,0.05263157894736842
cpu,person-db,1477416721803,14550000000,0.0
cpu,patient-db,1477416721809,18670000000,0.0
cpu,client,1477416721842,10790000000,0.0
cpu,knowledge-db,1477416721846,8910000000,0.0
cpu,person-db,1477416721853,14550000000,0.0
cpu,patient-db,1477416721859,18670000000,0.0
cpu,client,1477416721893,10800000000,0.05
cpu,knowledge-db,1477416721896,8910000000,0.0
cpu,person-db,1477416721904,14550000000,0.0
cpu,patient-db,1477416721910,18670000000,0.0
cpu,client,1477416721944,10800000000,0.0
cpu,knowledge-db,1477416721947,8910000000,0.0
cpu,person-db,1477416721954,14550000000,0.0
cpu,patient-db,1477416721961,18670000000,0.0
cpu,client,1477416721994,10800000000,0.0
cpu,knowledge-db,1477416721998,8910000000,0.0
cpu,person-db,1477416722005,14550000000,0.0
cpu,patient-db,1477416722011,18670000000,0.0
cpu,client,1477416722045,10800000000,0.0
cpu,knowledge-db,1477416722048,8920000000,0.05263157894736842
cpu,person-db,1477416722055,14550000000,0.0
cpu,patient-db,1477416722061,18670000000,0.0
cpu,client,1477416722095,10800000000,0.0
cpu,knowledge-db,1477416722099,8920000000,0.0
cpu,person-db,1477416722106,14550000000,0.0
cpu,patient-db,1477416722112,18680000000,0.05
cpu,client,1477416722146,10800000000,0.0
cpu,knowledge-db,1477416722149,8920000000,0.0
cpu,person-db,1477416722156,14560000000,0.05263157894736842
cpu,patient-db,1477416722163,18680000000,0.0
cpu,client,1477416722196,10800000000,0.0
cpu,knowledge-db,1477416722200,8920000000,0.0
cpu,person-db,1477416722207,14560000000,0.0
cpu,patient-db,1477416722213,18680000000,0.0
cpu,client,1477416722247,10800000000,0.0
cpu,knowledge-db,1477416722251,8920000000,0.0
cpu,person-db,1477416722258,14560000000,0.0
cpu,patient-db,1477416722264,18680000000,0.0
cpu,client,1477416722298,10800000000,0.0
cpu,knowledge-db,1477416722301,8920000000,0.0
cpu,person-db,1477416722308,14560000000,0.0
cpu,patient-db,1477416722315,18680000000,0.0
cpu,client,1477416722348,10800000000,0.0
cpu,knowledge-db,1477416722352,8920000000,0.0
cpu,person-db,1477416722359,14570000000,0.05
cpu,patient-db,1477416722365,18680000000,0.0
cpu,client,1477416722399,10800000000,0.0
cpu,knowledge-db,1477416722402,8920000000,0.0
cpu,person-db,1477416722409,14570000000,0.0
cpu,patient-db,1477416722416,18680000000,0.0
cpu,client,1477416722449,10810000000,0.05
cpu,knowledge-db,1477416722453,8930000000,0.05
cpu,person-db,1477416722460,14570000000,0.0
cpu,patient-db,1477416722466,18720000000,0.19047619047619047
cpu,client,1477416722500,10810000000,0.0
cpu,knowledge-db,1477416722503,8930000000,0.0
cpu,person-db,1477416722510,14570000000,0.0
cpu,patient-db,1477416722517,18720000000,0.0
cpu,client,1477416722550,10810000000,0.0
cpu,knowledge-db,1477416722554,8930000000,0.0
cpu,person-db,1477416722560,14570000000,0.0
cpu,patient-db,1477416722567,18730000000,0.05
cpu,client,1477416722601,10810000000,0.0
cpu,knowledge-db,1477416722604,8930000000,0.0
cpu,person-db,1477416722611,14570000000,0.0
cpu,patient-db,1477416722618,18730000000,0.0
cpu,client,1477416722651,10810000000,0.0
cpu,knowledge-db,1477416722655,8940000000,0.05263157894736842
cpu,person-db,1477416722662,14580000000,0.05
cpu,patient-db,1477416722668,18730000000,0.0
cpu,client,1477416722702,10810000000,0.0
cpu,knowledge-db,1477416722705,8940000000,0.0
cpu,person-db,1477416722712,14580000000,0.0
cpu,patient-db,1477416722719,18730000000,0.0
cpu,client,1477416722753,10810000000,0.0
cpu,knowledge-db,1477416722756,8940000000,0.0
cpu,person-db,1477416722763,14580000000,0.0
cpu,patient-db,1477416722769,18730000000,0.0
cpu,client,1477416722803,10810000000,0.0
cpu,knowledge-db,1477416722807,8940000000,0.0
cpu,person-db,1477416722813,14580000000,0.0
cpu,patient-db,1477416722820,18730000000,0.0
cpu,client,1477416722854,10820000000,0.047619047619047616
cpu,knowledge-db,1477416722857,8940000000,0.0
cpu,person-db,1477416722864,14580000000,0.0
cpu,patient-db,1477416722871,18730000000,0.0
cpu,client,1477416722904,10820000000,0.0
cpu,knowledge-db,1477416722908,8940000000,0.0
cpu,person-db,1477416722914,14580000000,0.0
cpu,patient-db,1477416722921,18740000000,0.047619047619047616
cpu,client,1477416722955,10820000000,0.0
cpu,knowledge-db,1477416722958,8940000000,0.0
cpu,person-db,1477416722965,14580000000,0.0
cpu,patient-db,1477416722972,18740000000,0.0
cpu,client,1477416723006,10820000000,0.0
cpu,knowledge-db,1477416723009,8940000000,0.0
cpu,person-db,1477416723015,14580000000,0.0
cpu,patient-db,1477416723022,18740000000,0.0
cpu,client,1477416723056,10820000000,0.0
cpu,knowledge-db,1477416723059,8940000000,0.0
cpu,person-db,1477416723066,14580000000,0.0
cpu,patient-db,1477416723073,18740000000,0.0
cpu,client,1477416723107,10820000000,0.0
cpu,knowledge-db,1477416723110,8940000000,0.0
cpu,person-db,1477416723116,14580000000,0.0
cpu,patient-db,1477416723123,18740000000,0.0
cpu,client,1477416723157,10820000000,0.0
cpu,knowledge-db,1477416723161,8940000000,0.0
cpu,person-db,1477416723167,14580000000,0.0
cpu,patient-db,1477416723174,18740000000,0.0
cpu,client,1477416723208,10820000000,0.0
cpu,knowledge-db,1477416723211,8940000000,0.0
cpu,person-db,1477416723218,14580000000,0.0
cpu,patient-db,1477416723225,18740000000,0.0
cpu,client,1477416723258,10830000000,0.05
cpu,knowledge-db,1477416723262,8940000000,0.0
cpu,person-db,1477416723268,14580000000,0.0
cpu,patient-db,1477416723275,18750000000,0.05
cpu,client,1477416723309,10830000000,0.0
cpu,knowledge-db,1477416723312,8940000000,0.0
cpu,person-db,1477416723319,14580000000,0.0
cpu,patient-db,1477416723326,18750000000,0.0
cpu,client,1477416723360,10830000000,0.0
cpu,knowledge-db,1477416723363,8940000000,0.0
cpu,person-db,1477416723370,14580000000,0.0
cpu,patient-db,1477416723376,18750000000,0.0
cpu,client,1477416723410,10830000000,0.0
cpu,knowledge-db,1477416723414,8950000000,0.05
cpu,person-db,1477416723420,14580000000,0.0
cpu,patient-db,1477416723427,18750000000,0.0
cpu,client,1477416723461,10830000000,0.0
cpu,knowledge-db,1477416723464,8960000000,0.045454545454545456
cpu,person-db,1477416723471,14590000000,0.05
cpu,patient-db,1477416723478,18750000000,0.0
cpu,client,1477416723511,10830000000,0.0
cpu,knowledge-db,1477416723515,8960000000,0.0
cpu,person-db,1477416723521,14590000000,0.0
cpu,patient-db,1477416723528,18750000000,0.0
cpu,client,1477416723562,10830000000,0.0
cpu,knowledge-db,1477416723566,8960000000,0.0
cpu,person-db,1477416723572,14600000000,0.05263157894736842
cpu,patient-db,1477416723579,18750000000,0.0
cpu,client,1477416723613,10840000000,0.05263157894736842
cpu,knowledge-db,1477416723616,8960000000,0.0
cpu,person-db,1477416723623,14600000000,0.0
cpu,patient-db,1477416723630,18750000000,0.0
cpu,client,1477416723663,10840000000,0.0
cpu,knowledge-db,1477416723667,8960000000,0.0
cpu,person-db,1477416723673,14600000000,0.0
cpu,patient-db,1477416723680,18750000000,0.0
cpu,client,1477416723714,10840000000,0.0
cpu,knowledge-db,1477416723718,8960000000,0.0
cpu,person-db,1477416723724,14600000000,0.0
cpu,patient-db,1477416723731,18760000000,0.047619047619047616
cpu,client,1477416723765,10850000000,0.05263157894736842
cpu,knowledge-db,1477416723768,8960000000,0.0
cpu,person-db,1477416723774,14600000000,0.0
cpu,patient-db,1477416723781,18760000000,0.0
cpu,client,1477416723815,10850000000,0.0
cpu,knowledge-db,1477416723819,8960000000,0.0
cpu,person-db,1477416723825,14600000000,0.0
cpu,patient-db,1477416723832,18760000000,0.0
cpu,client,1477416723866,10850000000,0.0
cpu,knowledge-db,1477416723869,8970000000,0.05263157894736842
cpu,person-db,1477416723875,14600000000,0.0
cpu,patient-db,1477416723883,18760000000,0.0
cpu,client,1477416723917,10850000000,0.0
cpu,knowledge-db,1477416723920,8970000000,0.0
cpu,person-db,1477416723926,14600000000,0.0
cpu,patient-db,1477416723933,18770000000,0.047619047619047616
cpu,client,1477416723967,10860000000,0.047619047619047616
cpu,knowledge-db,1477416723971,8970000000,0.0
cpu,person-db,1477416723977,14600000000,0.0
cpu,patient-db,1477416723984,18770000000,0.0
cpu,client,1477416724018,10860000000,0.0
cpu,knowledge-db,1477416724021,8970000000,0.0
cpu,person-db,1477416724027,14600000000,0.0
cpu,patient-db,1477416724035,18770000000,0.0
cpu,client,1477416724068,10860000000,0.0
cpu,knowledge-db,1477416724072,8970000000,0.0
cpu,person-db,1477416724077,14600000000,0.0
cpu,patient-db,1477416724085,18770000000,0.0
cpu,client,1477416724119,10860000000,0.0
cpu,knowledge-db,1477416724122,8970000000,0.0
cpu,person-db,1477416724128,14600000000,0.0
cpu,patient-db,1477416724136,18770000000,0.0
cpu,client,1477416724169,10860000000,0.0
cpu,knowledge-db,1477416724173,8970000000,0.0
cpu,person-db,1477416724179,14600000000,0.0
cpu,patient-db,1477416724186,18770000000,0.0
cpu,client,1477416724220,10860000000,0.0
cpu,knowledge-db,1477416724223,8970000000,0.0
cpu,person-db,1477416724229,14600000000,0.0
cpu,patient-db,1477416724237,18780000000,0.05
cpu,client,1477416724271,10860000000,0.0
cpu,knowledge-db,1477416724274,8970000000,0.0
cpu,person-db,1477416724280,14600000000,0.0
cpu,patient-db,1477416724287,18780000000,0.0
cpu,client,1477416724321,10860000000,0.0
cpu,knowledge-db,1477416724325,8970000000,0.0
cpu,person-db,1477416724330,14600000000,0.0
cpu,patient-db,1477416724338,18780000000,0.0
cpu,client,1477416724372,10860000000,0.0
cpu,knowledge-db,1477416724375,8970000000,0.0
cpu,person-db,1477416724381,14600000000,0.0
cpu,patient-db,1477416724389,18780000000,0.0
cpu,client,1477416724422,10860000000,0.0
cpu,knowledge-db,1477416724426,8980000000,0.045454545454545456
cpu,person-db,1477416724431,14610000000,0.047619047619047616
cpu,patient-db,1477416724439,18780000000,0.0
cpu,client,1477416724473,10870000000,0.047619047619047616
cpu,knowledge-db,1477416724476,8990000000,0.05
cpu,person-db,1477416724482,14610000000,0.0
cpu,patient-db,1477416724490,18780000000,0.0
cpu,client,1477416724523,10870000000,0.0
cpu,knowledge-db,1477416724527,8990000000,0.0
cpu,person-db,1477416724532,14620000000,0.047619047619047616
cpu,patient-db,1477416724540,18790000000,0.05
cpu,client,1477416724574,10870000000,0.0
cpu,knowledge-db,1477416724578,8990000000,0.0
cpu,person-db,1477416724583,14620000000,0.0
cpu,patient-db,1477416724591,18790000000,0.0
cpu,client,1477416724625,10870000000,0.0
cpu,knowledge-db,1477416724628,8990000000,0.0
cpu,person-db,1477416724634,14620000000,0.0
cpu,patient-db,1477416724641,18790000000,0.0
cpu,client,1477416724675,10870000000,0.0
cpu,knowledge-db,1477416724679,8990000000,0.0
cpu,person-db,1477416724684,14620000000,0.0
cpu,patient-db,1477416724692,18790000000,0.0
cpu,client,1477416724726,10870000000,0.0
cpu,knowledge-db,1477416724730,8990000000,0.0
cpu,person-db,1477416724735,14620000000,0.0
cpu,patient-db,1477416724743,18790000000,0.0
cpu,client,1477416724776,10870000000,0.0
cpu,knowledge-db,1477416724780,9000000000,0.05
cpu,person-db,1477416724785,14620000000,0.0
cpu,patient-db,1477416724793,18790000000,0.0
cpu,client,1477416724827,10880000000,0.047619047619047616
cpu,knowledge-db,1477416724831,9000000000,0.0
cpu,person-db,1477416724836,14630000000,0.05
cpu,patient-db,1477416724844,18790000000,0.0
cpu,client,1477416724878,10880000000,0.0
cpu,knowledge-db,1477416724882,9000000000,0.0
cpu,person-db,1477416724886,14630000000,0.0
cpu,patient-db,1477416724894,18800000000,0.05
cpu,client,1477416724928,10880000000,0.0
cpu,knowledge-db,1477416724932,9000000000,0.0
cpu,person-db,1477416724937,14630000000,0.0
cpu,patient-db,1477416724945,18800000000,0.0
cpu,client,1477416724979,10880000000,0.0
cpu,knowledge-db,1477416724983,9000000000,0.0
cpu,person-db,1477416724988,14630000000,0.0
cpu,patient-db,1477416724996,18800000000,0.0
cpu,client,1477416725029,10880000000,0.0
cpu,knowledge-db,1477416725033,9000000000,0.0
cpu,person-db,1477416725038,14630000000,0.0
cpu,patient-db,1477416725046,18800000000,0.0
cpu,client,1477416725080,10880000000,0.0
cpu,knowledge-db,1477416725084,9010000000,0.05263157894736842
cpu,person-db,1477416725088,14630000000,0.0
cpu,patient-db,1477416725096,18800000000,0.0
cpu,client,1477416725130,10880000000,0.0
cpu,knowledge-db,1477416725134,9010000000,0.0
cpu,person-db,1477416725139,14630000000,0.0
cpu,patient-db,1477416725147,18800000000,0.0
cpu,client,1477416725181,10880000000,0.0
cpu,knowledge-db,1477416725185,9010000000,0.0
cpu,person-db,1477416725189,14630000000,0.0
cpu,patient-db,1477416725198,18810000000,0.05
cpu,client,1477416725231,10890000000,0.045454545454545456
cpu,knowledge-db,1477416725235,9010000000,0.0
cpu,person-db,1477416725240,14630000000,0.0
cpu,patient-db,1477416725248,18810000000,0.0
cpu,client,1477416725282,10890000000,0.0
cpu,knowledge-db,1477416725286,9010000000,0.0
cpu,person-db,1477416725291,14630000000,0.0
cpu,patient-db,1477416725299,18810000000,0.0
cpu,client,1477416725333,10890000000,0.0
cpu,knowledge-db,1477416725337,9010000000,0.0
cpu,person-db,1477416725341,14630000000,0.0
cpu,patient-db,1477416725349,18810000000,0.0
cpu,client,1477416725384,10890000000,0.0
cpu,knowledge-db,1477416725387,9010000000,0.0
cpu,person-db,1477416725392,14640000000,0.05263157894736842
cpu,patient-db,1477416725400,18810000000,0.0
cpu,client,1477416725434,10900000000,0.05263157894736842
cpu,knowledge-db,1477416725438,9020000000,0.05
cpu,person-db,1477416725442,14640000000,0.0
cpu,patient-db,1477416725451,18820000000,0.05
cpu,client,1477416725485,10910000000,0.047619047619047616
cpu,knowledge-db,1477416725489,9020000000,0.0
cpu,person-db,1477416725493,14650000000,0.047619047619047616
cpu,patient-db,1477416725501,18820000000,0.0
cpu,client,1477416725536,10910000000,0.0
cpu,knowledge-db,1477416725540,9030000000,0.05
cpu,person-db,1477416725544,14650000000,0.0
cpu,patient-db,1477416725552,18820000000,0.0
cpu,client,1477416725587,10920000000,0.05
cpu,knowledge-db,1477416725590,9030000000,0.0
cpu,person-db,1477416725594,14650000000,0.0
cpu,patient-db,1477416725603,18820000000,0.0
cpu,client,1477416725637,10920000000,0.0
cpu,knowledge-db,1477416725641,9040000000,0.05
cpu,person-db,1477416725645,14650000000,0.0
cpu,patient-db,1477416725653,18830000000,0.047619047619047616
cpu,client,1477416725688,10920000000,0.0
cpu,knowledge-db,1477416725692,9040000000,0.0
cpu,person-db,1477416725696,14660000000,0.05
cpu,patient-db,1477416725704,18830000000,0.0
cpu,client,1477416725739,10920000000,0.0
cpu,knowledge-db,1477416725743,9040000000,0.0
cpu,person-db,1477416725746,14660000000,0.0
cpu,patient-db,1477416725755,18830000000,0.0
cpu,client,1477416725789,10920000000,0.0
cpu,knowledge-db,1477416725793,9040000000,0.0
cpu,person-db,1477416725797,14660000000,0.0
cpu,patient-db,1477416725805,18830000000,0.0
cpu,client,1477416725840,10920000000,0.0
cpu,knowledge-db,1477416725844,9040000000,0.0
cpu,person-db,1477416725847,14660000000,0.0
cpu,patient-db,1477416725856,18840000000,0.05
cpu,client,1477416725890,10920000000,0.0
cpu,knowledge-db,1477416725894,9040000000,0.0
cpu,person-db,1477416725898,14660000000,0.0
cpu,patient-db,1477416725907,18840000000,0.0
cpu,client,1477416725941,10930000000,0.05
cpu,knowledge-db,1477416725945,9040000000,0.0
cpu,person-db,1477416725949,14660000000,0.0
cpu,patient-db,1477416725957,18840000000,0.0
cpu,client,1477416725991,10930000000,0.0
cpu,knowledge-db,1477416725995,9040000000,0.0
cpu,person-db,1477416725999,14660000000,0.0
cpu,patient-db,1477416726008,18840000000,0.0
cpu,client,1477416726042,10930000000,0.0
cpu,knowledge-db,1477416726046,9050000000,0.05
cpu,person-db,1477416726049,14660000000,0.0
cpu,patient-db,1477416726058,18840000000,0.0
cpu,client,1477416726092,10930000000,0.0
cpu,knowledge-db,1477416726096,9050000000,0.0
cpu,person-db,1477416726100,14660000000,0.0
cpu,patient-db,1477416726109,18840000000,0.0
cpu,client,1477416726143,10930000000,0.0
cpu,knowledge-db,1477416726147,9050000000,0.0
cpu,person-db,1477416726150,14660000000,0.0
cpu,patient-db,1477416726159,18840000000,0.0
cpu,client,1477416726193,10930000000,0.0
cpu,knowledge-db,1477416726197,9050000000,0.0
cpu,person-db,1477416726201,14660000000,0.0
cpu,patient-db,1477416726210,18850000000,0.047619047619047616
cpu,client,1477416726244,10930000000,0.0
cpu,knowledge-db,1477416726248,9050000000,0.0
cpu,person-db,1477416726252,14660000000,0.0
cpu,patient-db,1477416726260,18850000000,0.0
cpu,client,1477416726295,10930000000,0.0
cpu,knowledge-db,1477416726299,9050000000,0.0
cpu,person-db,1477416726302,14660000000,0.0
cpu,patient-db,1477416726311,18850000000,0.0
cpu,client,1477416726345,10940000000,0.05263157894736842
cpu,knowledge-db,1477416726349,9050000000,0.0
cpu,person-db,1477416726353,14670000000,0.05263157894736842
cpu,patient-db,1477416726362,18850000000,0.0
cpu,client,1477416726396,10940000000,0.0
cpu,knowledge-db,1477416726400,9050000000,0.0
cpu,person-db,1477416726403,14670000000,0.0
cpu,patient-db,1477416726412,18870000000,0.1
cpu,client,1477416726446,10940000000,0.0
cpu,knowledge-db,1477416726450,9060000000,0.047619047619047616
cpu,person-db,1477416726454,14670000000,0.0
cpu,patient-db,1477416726463,18870000000,0.0
cpu,client,1477416726496,10940000000,0.0
cpu,knowledge-db,1477416726500,9060000000,0.0
cpu,person-db,1477416726504,14670000000,0.0
cpu,patient-db,1477416726513,18870000000,0.0
cpu,client,1477416726547,10940000000,0.0
cpu,knowledge-db,1477416726551,9060000000,0.0
cpu,person-db,1477416726554,14670000000,0.0
cpu,patient-db,1477416726564,18870000000,0.0
cpu,client,1477416726598,10940000000,0.0
cpu,knowledge-db,1477416726602,9060000000,0.0
cpu,person-db,1477416726605,14670000000,0.0
cpu,patient-db,1477416726614,18870000000,0.0
cpu,client,1477416726648,10940000000,0.0
cpu,knowledge-db,1477416726652,9060000000,0.0
cpu,person-db,1477416726656,14670000000,0.0
cpu,patient-db,1477416726665,18870000000,0.0
cpu,client,1477416726699,10940000000,0.0
cpu,knowledge-db,1477416726703,9070000000,0.047619047619047616
cpu,person-db,1477416726706,14680000000,0.047619047619047616
cpu,patient-db,1477416726715,18880000000,0.05
cpu,client,1477416726749,10940000000,0.0
cpu,knowledge-db,1477416726753,9070000000,0.0
cpu,person-db,1477416726756,14680000000,0.0
cpu,patient-db,1477416726766,18880000000,0.0
cpu,client,1477416726800,10940000000,0.0
cpu,knowledge-db,1477416726804,9080000000,0.05
cpu,person-db,1477416726807,14680000000,0.0
cpu,patient-db,1477416726816,18880000000,0.0
cpu,client,1477416726850,10940000000,0.0
cpu,knowledge-db,1477416726854,9080000000,0.0
cpu,person-db,1477416726857,14680000000,0.0
cpu,patient-db,1477416726867,18880000000,0.0
cpu,client,1477416726901,10940000000,0.0
cpu,knowledge-db,1477416726905,9080000000,0.0
cpu,person-db,1477416726908,14680000000,0.0
cpu,patient-db,1477416726917,18880000000,0.0
cpu,client,1477416726951,10940000000,0.0
cpu,knowledge-db,1477416726955,9080000000,0.0
cpu,person-db,1477416726959,14680000000,0.0
cpu,patient-db,1477416726968,18880000000,0.0
cpu,client,1477416727002,10940000000,0.0
cpu,knowledge-db,1477416727006,9080000000,0.0
cpu,person-db,1477416727009,14680000000,0.0
cpu,patient-db,1477416727018,18880000000,0.0
cpu,client,1477416727052,10940000000,0.0
cpu,knowledge-db,1477416727056,9080000000,0.0
cpu,person-db,1477416727059,14680000000,0.0
cpu,patient-db,1477416727069,18880000000,0.0
cpu,client,1477416727103,10940000000,0.0
cpu,knowledge-db,1477416727107,9080000000,0.0
cpu,person-db,1477416727110,14680000000,0.0
cpu,patient-db,1477416727119,18890000000,0.047619047619047616
cpu,client,1477416727154,10940000000,0.0
cpu,knowledge-db,1477416727157,9080000000,0.0
cpu,person-db,1477416727160,14680000000,0.0
cpu,patient-db,1477416727170,18890000000,0.0
cpu,client,1477416727204,10940000000,0.0
cpu,knowledge-db,1477416727208,9080000000,0.0
cpu,person-db,1477416727211,14680000000,0.0
cpu,patient-db,1477416727220,18890000000,0.0
cpu,client,1477416727255,10950000000,0.05
cpu,knowledge-db,1477416727258,9080000000,0.0
cpu,person-db,1477416727261,14680000000,0.0
cpu,patient-db,1477416727271,18890000000,0.0
cpu,client,1477416727305,10950000000,0.0
cpu,knowledge-db,1477416727309,9080000000,0.0
cpu,person-db,1477416727312,14680000000,0.0
cpu,patient-db,1477416727322,18890000000,0.0
cpu,client,1477416727356,10950000000,0.0
cpu,knowledge-db,1477416727360,9080000000,0.0
cpu,person-db,1477416727363,14680000000,0.0
cpu,patient-db,1477416727372,18890000000,0.0
cpu,client,1477416727406,10950000000,0.0
cpu,knowledge-db,1477416727410,9080000000,0.0
cpu,person-db,1477416727413,14680000000,0.0
cpu,patient-db,1477416727423,18890000000,0.0
cpu,client,1477416727457,10950000000,0.0
cpu,knowledge-db,1477416727461,9090000000,0.047619047619047616
cpu,person-db,1477416727464,14690000000,0.047619047619047616
cpu,patient-db,1477416727473,18900000000,0.05
cpu,client,1477416727507,10960000000,0.05
cpu,knowledge-db,1477416727511,9090000000,0.0
cpu,person-db,1477416727514,14690000000,0.0
cpu,patient-db,1477416727524,18900000000,0.0
cpu,client,1477416727558,10960000000,0.0
cpu,knowledge-db,1477416727562,9090000000,0.0
cpu,person-db,1477416727565,14690000000,0.0
cpu,patient-db,1477416727574,18900000000,0.0
cpu,client,1477416727609,10960000000,0.0
cpu,knowledge-db,1477416727612,9090000000,0.0
cpu,person-db,1477416727615,14700000000,0.05263157894736842
cpu,patient-db,1477416727625,18900000000,0.0
cpu,client,1477416727659,10960000000,0.0
cpu,knowledge-db,1477416727662,9090000000,0.0
cpu,person-db,1477416727665,14700000000,0.0
cpu,patient-db,1477416727675,18900000000,0.0
cpu,client,1477416727709,10960000000,0.0
cpu,knowledge-db,1477416727713,9090000000,0.0
cpu,person-db,1477416727716,14700000000,0.0
cpu,patient-db,1477416727726,18910000000,0.05
cpu,client,1477416727760,10960000000,0.0
cpu,knowledge-db,1477416727764,9090000000,0.0
cpu,person-db,1477416727766,14700000000,0.0
cpu,patient-db,1477416727776,18910000000,0.0
cpu,client,1477416727811,10960000000,0.0
cpu,knowledge-db,1477416727814,9090000000,0.0
cpu,person-db,1477416727817,14700000000,0.0
cpu,patient-db,1477416727827,18910000000,0.0
cpu,client,1477416727861,10960000000,0.0
cpu,knowledge-db,1477416727865,9090000000,0.0
cpu,person-db,1477416727867,14700000000,0.0
cpu,patient-db,1477416727877,18910000000,0.0
cpu,client,1477416727912,10960000000,0.0
cpu,knowledge-db,1477416727915,9090000000,0.0
cpu,person-db,1477416727918,14710000000,0.047619047619047616
cpu,patient-db,1477416727928,18910000000,0.0
cpu,client,1477416727962,10970000000,0.047619047619047616
cpu,knowledge-db,1477416727966,9090000000,0.0
cpu,person-db,1477416727969,14710000000,0.0
cpu,patient-db,1477416727979,18910000000,0.0
cpu,client,1477416728013,10970000000,0.0
cpu,knowledge-db,1477416728016,9090000000,0.0
cpu,person-db,1477416728019,14710000000,0.0
cpu,patient-db,1477416728029,18910000000,0.0
cpu,client,1477416728063,10970000000,0.0
cpu,knowledge-db,1477416728067,9090000000,0.0
cpu,person-db,1477416728069,14710000000,0.0
cpu,patient-db,1477416728079,18910000000,0.0
cpu,client,1477416728114,10970000000,0.0
cpu,knowledge-db,1477416728117,9090000000,0.0
cpu,person-db,1477416728120,14710000000,0.0
cpu,patient-db,1477416728130,18910000000,0.0
cpu,client,1477416728165,10970000000,0.0
cpu,knowledge-db,1477416728168,9100000000,0.05
cpu,person-db,1477416728170,14710000000,0.0
cpu,patient-db,1477416728181,18920000000,0.05263157894736842
cpu,client,1477416728215,10970000000,0.0
cpu,knowledge-db,1477416728219,9100000000,0.0
cpu,person-db,1477416728221,14710000000,0.0
cpu,patient-db,1477416728231,18920000000,0.0
cpu,client,1477416728266,10970000000,0.0
cpu,knowledge-db,1477416728269,9100000000,0.0
cpu,person-db,1477416728271,14710000000,0.0
cpu,patient-db,1477416728282,18920000000,0.0
cpu,client,1477416728316,10970000000,0.0
cpu,knowledge-db,1477416728320,9100000000,0.0
cpu,person-db,1477416728322,14710000000,0.0
cpu,patient-db,1477416728332,18920000000,0.0
cpu,client,1477416728367,10970000000,0.0
cpu,knowledge-db,1477416728370,9100000000,0.0
cpu,person-db,1477416728373,14710000000,0.0
cpu,patient-db,1477416728383,18920000000,0.0
cpu,client,1477416728417,10980000000,0.05
cpu,knowledge-db,1477416728421,9100000000,0.0
cpu,person-db,1477416728423,14710000000,0.0
cpu,patient-db,1477416728433,18930000000,0.05
cpu,client,1477416728468,10980000000,0.0
cpu,knowledge-db,1477416728471,9110000000,0.047619047619047616
cpu,person-db,1477416728474,14710000000,0.0
cpu,patient-db,1477416728484,18930000000,0.0
cpu,client,1477416728519,10990000000,0.05263157894736842
cpu,knowledge-db,1477416728522,9110000000,0.0
cpu,person-db,1477416728524,14720000000,0.05263157894736842
cpu,patient-db,1477416728535,18930000000,0.0
cpu,client,1477416728569,10990000000,0.0
cpu,knowledge-db,1477416728573,9110000000,0.0
cpu,person-db,1477416728575,14720000000,0.0
cpu,patient-db,1477416728585,18930000000,0.0
cpu,client,1477416728620,10990000000,0.0
cpu,knowledge-db,1477416728623,9110000000,0.0
cpu,person-db,1477416728625,14720000000,0.0
cpu,patient-db,1477416728636,18930000000,0.0
cpu,client,1477416728670,10990000000,0.0
cpu,knowledge-db,1477416728674,9110000000,0.0
cpu,person-db,1477416728676,14720000000,0.0
cpu,patient-db,1477416728686,18930000000,0.0
cpu,client,1477416728721,10990000000,0.0
cpu,knowledge-db,1477416728724,9110000000,0.0
cpu,person-db,1477416728727,14720000000,0.0
cpu,patient-db,1477416728737,18940000000,0.05263157894736842
cpu,client,1477416728772,10990000000,0.0
cpu,knowledge-db,1477416728775,9110000000,0.0
cpu,person-db,1477416728777,14720000000,0.0
cpu,patient-db,1477416728788,18940000000,0.0
cpu,client,1477416728822,10990000000,0.0
cpu,knowledge-db,1477416728826,9110000000,0.05
cpu,person-db,1477416728828,14720000000,0.0
cpu,patient-db,1477416728838,18940000000,0.0
cpu,client,1477416728873,10990000000,0.0
cpu,knowledge-db,1477416728876,9120000000,0.0
cpu,person-db,1477416728878,14730000000,0.05
cpu,patient-db,1477416728889,18940000000,0.0
cpu,client,1477416728923,10990000000,0.0
cpu,knowledge-db,1477416728927,9120000000,0.0
cpu,person-db,1477416728929,14730000000,0.0
cpu,patient-db,1477416728939,18940000000,0.0
cpu,client,1477416728974,11000000000,0.047619047619047616
cpu,knowledge-db,1477416728977,9130000000,0.05
cpu,person-db,1477416728979,14730000000,0.0
cpu,patient-db,1477416728990,18940000000,0.0
cpu,client,1477416729025,11000000000,0.0
cpu,knowledge-db,1477416729028,9130000000,0.0
cpu,person-db,1477416729030,14730000000,0.0
cpu,patient-db,1477416729040,18940000000,0.0
cpu,client,1477416729075,11000000000,0.0
cpu,knowledge-db,1477416729078,9130000000,0.0
cpu,person-db,1477416729080,14730000000,0.0
cpu,patient-db,1477416729091,18940000000,0.0
cpu,client,1477416729126,11000000000,0.0
cpu,knowledge-db,1477416729129,9130000000,0.0
cpu,person-db,1477416729131,14730000000,0.0
cpu,patient-db,1477416729141,18940000000,0.0
cpu,client,1477416729176,11000000000,0.0
cpu,knowledge-db,1477416729180,9130000000,0.0
cpu,person-db,1477416729181,14730000000,0.0
cpu,patient-db,1477416729192,18940000000,0.0
cpu,client,1477416729227,11000000000,0.0
cpu,knowledge-db,1477416729230,9130000000,0.0
cpu,person-db,1477416729232,14740000000,0.05263157894736842
cpu,patient-db,1477416729242,18940000000,0.0
cpu,client,1477416729277,11000000000,0.0
cpu,knowledge-db,1477416729281,9130000000,0.0
cpu,person-db,1477416729283,14740000000,0.0
cpu,patient-db,1477416729293,18940000000,0.0
cpu,client,1477416729328,11000000000,0.0
cpu,knowledge-db,1477416729331,9130000000,0.0
cpu,person-db,1477416729333,14740000000,0.0
cpu,patient-db,1477416729343,18940000000,0.0
cpu,client,1477416729378,11010000000,0.05
cpu,knowledge-db,1477416729382,9140000000,0.05263157894736842
cpu,person-db,1477416729384,14740000000,0.0
cpu,patient-db,1477416729394,18950000000,0.05263157894736842
cpu,client,1477416729429,11020000000,0.047619047619047616
cpu,knowledge-db,1477416729432,9140000000,0.0
cpu,person-db,1477416729434,14740000000,0.0
cpu,patient-db,1477416729445,18960000000,0.047619047619047616
cpu,client,1477416729479,11020000000,0.0
cpu,knowledge-db,1477416729483,9140000000,0.0
cpu,person-db,1477416729484,14740000000,0.0
cpu,patient-db,1477416729495,18960000000,0.0
cpu,client,1477416729530,11020000000,0.0
cpu,knowledge-db,1477416729533,9140000000,0.0
cpu,person-db,1477416729535,14740000000,0.0
cpu,patient-db,1477416729545,18960000000,0.0
cpu,client,1477416729580,11020000000,0.0
cpu,knowledge-db,1477416729584,9140000000,0.0
cpu,person-db,1477416729585,14740000000,0.0
cpu,patient-db,1477416729596,18960000000,0.0
cpu,client,1477416729631,11020000000,0.0
cpu,knowledge-db,1477416729634,9140000000,0.0
cpu,person-db,1477416729636,14750000000,0.047619047619047616
cpu,patient-db,1477416729647,18970000000,0.05263157894736842
cpu,client,1477416729681,11020000000,0.0
cpu,knowledge-db,1477416729685,9140000000,0.0
cpu,person-db,1477416729687,14750000000,0.0
cpu,patient-db,1477416729697,18970000000,0.0
cpu,client,1477416729732,11020000000,0.0
cpu,knowledge-db,1477416729735,9140000000,0.0
cpu,person-db,1477416729737,14750000000,0.0
cpu,patient-db,1477416729748,18970000000,0.0
cpu,client,1477416729782,11020000000,0.0
cpu,knowledge-db,1477416729786,9140000000,0.0
cpu,person-db,1477416729788,14750000000,0.0
cpu,patient-db,1477416729798,18970000000,0.0
cpu,client,1477416729833,11020000000,0.0
cpu,knowledge-db,1477416729837,9140000000,0.0
cpu,person-db,1477416729838,14750000000,0.0
cpu,patient-db,1477416729849,18970000000,0.0
cpu,client,1477416729884,11020000000,0.0
cpu,knowledge-db,1477416729887,9140000000,0.0
cpu,person-db,1477416729889,14750000000,0.0
cpu,patient-db,1477416729899,18970000000,0.0
cpu,client,1477416729934,11020000000,0.0
cpu,knowledge-db,1477416729938,9140000000,0.0
cpu,person-db,1477416729939,14750000000,0.0
cpu,patient-db,1477416729950,18970000000,0.0
cpu,client,1477416729985,11020000000,0.0
cpu,knowledge-db,1477416729988,9140000000,0.0
cpu,person-db,1477416729990,14750000000,0.0
cpu,patient-db,1477416730000,18970000000,0.0
cpu,client,1477416730035,11020000000,0.0
cpu,knowledge-db,1477416730039,9140000000,0.0
cpu,person-db,1477416730040,14750000000,0.0
cpu,patient-db,1477416730051,18970000000,0.0
cpu,client,1477416730085,11020000000,0.0
cpu,knowledge-db,1477416730089,9140000000,0.0
cpu,person-db,1477416730091,14760000000,0.05263157894736842
cpu,patient-db,1477416730101,18970000000,0.0
cpu,client,1477416730136,11020000000,0.0
cpu,knowledge-db,1477416730140,9140000000,0.0
cpu,person-db,1477416730141,14760000000,0.0
cpu,patient-db,1477416730152,18970000000,0.0
cpu,client,1477416730187,11020000000,0.05
cpu,knowledge-db,1477416730190,9140000000,0.0
cpu,person-db,1477416730192,14760000000,0.0
cpu,patient-db,1477416730202,18970000000,0.0
cpu,client,1477416730237,11030000000,0.0
cpu,knowledge-db,1477416730241,9140000000,0.0
cpu,person-db,1477416730242,14760000000,0.0
cpu,patient-db,1477416730253,18970000000,0.0
cpu,client,1477416730288,11030000000,0.0
cpu,knowledge-db,1477416730291,9150000000,0.05
cpu,person-db,1477416730293,14760000000,0.0
cpu,patient-db,1477416730304,18980000000,0.05263157894736842
cpu,client,1477416730338,11030000000,0.0
cpu,knowledge-db,1477416730342,9150000000,0.0
cpu,person-db,1477416730343,14760000000,0.0
cpu,patient-db,1477416730354,18980000000,0.0
cpu,client,1477416730389,11030000000,0.0
cpu,knowledge-db,1477416730392,9160000000,0.05
cpu,person-db,1477416730394,14760000000,0.0
cpu,patient-db,1477416730405,18980000000,0.0
cpu,client,1477416730440,11040000000,0.05
cpu,knowledge-db,1477416730443,9160000000,0.0
cpu,person-db,1477416730444,14760000000,0.0
cpu,patient-db,1477416730455,19000000000,0.1
cpu,client,1477416730490,11040000000,0.0
cpu,knowledge-db,1477416730493,9160000000,0.0
cpu,person-db,1477416730495,14760000000,0.0
cpu,patient-db,1477416730506,19000000000,0.0
cpu,client,1477416730541,11040000000,0.0
cpu,knowledge-db,1477416730544,9160000000,0.0
cpu,person-db,1477416730545,14760000000,0.0
cpu,patient-db,1477416730556,19000000000,0.0
cpu,client,1477416730591,11040000000,0.0
cpu,knowledge-db,1477416730594,9170000000,0.05
cpu,person-db,1477416730596,14760000000,0.0
cpu,patient-db,1477416730607,19000000000,0.0
cpu,client,1477416730642,11040000000,0.0
cpu,knowledge-db,1477416730645,9170000000,0.0
cpu,person-db,1477416730646,14760000000,0.0
cpu,patient-db,1477416730657,19000000000,0.0
cpu,client,1477416730692,11050000000,0.05263157894736842
cpu,knowledge-db,1477416730696,9170000000,0.0
cpu,person-db,1477416730697,14760000000,0.0
cpu,patient-db,1477416730708,19010000000,0.05263157894736842
cpu,client,1477416730743,11060000000,0.05
cpu,knowledge-db,1477416730746,9170000000,0.0
cpu,person-db,1477416730747,14760000000,0.0
cpu,patient-db,1477416730758,19010000000,0.0
cpu,client,1477416730793,11060000000,0.0
cpu,knowledge-db,1477416730797,9180000000,0.047619047619047616
cpu,person-db,1477416730798,14760000000,0.0
cpu,patient-db,1477416730809,19010000000,0.0
cpu,client,1477416730844,11060000000,0.0
cpu,knowledge-db,1477416730847,9180000000,0.0
cpu,person-db,1477416730848,14760000000,0.0
cpu,patient-db,1477416730859,19010000000,0.0
cpu,client,1477416730895,11060000000,0.0
cpu,knowledge-db,1477416730898,9180000000,0.0
cpu,person-db,1477416730899,14760000000,0.0
cpu,patient-db,1477416730910,19010000000,0.0
cpu,client,1477416730945,11060000000,0.0
cpu,knowledge-db,1477416730948,9180000000,0.0
cpu,person-db,1477416730949,14760000000,0.0
cpu,patient-db,1477416730960,19010000000,0.0
cpu,client,1477416730996,11060000000,0.0
cpu,knowledge-db,1477416730999,9180000000,0.0
cpu,person-db,1477416731000,14760000000,0.0
cpu,patient-db,1477416731011,19010000000,0.0
cpu,client,1477416731046,11060000000,0.0
cpu,knowledge-db,1477416731049,9190000000,0.05
cpu,person-db,1477416731050,14770000000,0.05
cpu,patient-db,1477416731061,19010000000,0.0
cpu,client,1477416731096,11060000000,0.0
cpu,knowledge-db,1477416731100,9190000000,0.0
cpu,person-db,1477416731101,14770000000,0.0
cpu,patient-db,1477416731112,19010000000,0.0
cpu,client,1477416731147,11060000000,0.0
cpu,knowledge-db,1477416731151,9190000000,0.0
cpu,person-db,1477416731151,14770000000,0.0
cpu,patient-db,1477416731162,19010000000,0.0
cpu,client,1477416731198,11060000000,0.0
cpu,knowledge-db,1477416731201,9190000000,0.0
cpu,person-db,1477416731202,14770000000,0.0
cpu,patient-db,1477416731213,19010000000,0.0
cpu,client,1477416731248,11060000000,0.0
cpu,knowledge-db,1477416731252,9190000000,0.0
cpu,person-db,1477416731252,14770000000,0.0
cpu,patient-db,1477416731263,19010000000,0.0
cpu,client,1477416731299,11060000000,0.0
cpu,knowledge-db,1477416731302,9190000000,0.0
cpu,person-db,1477416731303,14770000000,0.0
cpu,patient-db,1477416731314,19010000000,0.0
cpu,client,1477416731349,11060000000,0.0
cpu,knowledge-db,1477416731353,9200000000,0.05263157894736842
cpu,person-db,1477416731353,14770000000,0.0
cpu,patient-db,1477416731365,19010000000,0.0
cpu,client,1477416731400,11060000000,0.0
cpu,knowledge-db,1477416731403,9200000000,0.0
cpu,person-db,1477416731404,14770000000,0.0
cpu,patient-db,1477416731415,19020000000,0.05263157894736842
cpu,client,1477416731450,11070000000,0.05
cpu,knowledge-db,1477416731454,9210000000,0.047619047619047616
cpu,person-db,1477416731454,14780000000,0.047619047619047616
cpu,patient-db,1477416731466,19080000000,0.2857142857142857
cpu,client,1477416731501,11070000000,0.0
cpu,knowledge-db,1477416731504,9210000000,0.0
cpu,person-db,1477416731504,14780000000,0.0
cpu,patient-db,1477416731516,19080000000,0.0
cpu,client,1477416731551,11070000000,0.0
cpu,knowledge-db,1477416731554,9210000000,0.0
cpu,person-db,1477416731555,14780000000,0.0
cpu,patient-db,1477416731566,19080000000,0.0
cpu,client,1477416731601,11070000000,0.0
cpu,knowledge-db,1477416731605,9210000000,0.0
cpu,person-db,1477416731605,14780000000,0.0
cpu,patient-db,1477416731617,19080000000,0.0
cpu,client,1477416731652,11070000000,0.0
cpu,knowledge-db,1477416731655,9210000000,0.0
cpu,person-db,1477416731656,14780000000,0.0
cpu,patient-db,1477416731667,19080000000,0.0
cpu,client,1477416731703,11080000000,0.05
cpu,knowledge-db,1477416731706,9210000000,0.0
cpu,person-db,1477416731706,14780000000,0.0
cpu,patient-db,1477416731718,19080000000,0.0
cpu,client,1477416731753,11080000000,0.0
cpu,knowledge-db,1477416731757,9210000000,0.0
cpu,person-db,1477416731757,14780000000,0.0
cpu,patient-db,1477416731768,19080000000,0.0
cpu,client,1477416731804,11080000000,0.0
cpu,knowledge-db,1477416731807,9210000000,0.0
cpu,person-db,1477416731807,14780000000,0.0
cpu,patient-db,1477416731819,19080000000,0.0
cpu,client,1477416731855,11090000000,0.05
cpu,knowledge-db,1477416731858,9210000000,0.0
cpu,person-db,1477416731858,14790000000,0.047619047619047616
cpu,patient-db,1477416731869,19080000000,0.0
cpu,client,1477416731905,11090000000,0.0
cpu,knowledge-db,1477416731908,9210000000,0.0
cpu,person-db,1477416731909,14790000000,0.0
cpu,patient-db,1477416731920,19080000000,0.0
cpu,client,1477416731956,11090000000,0.0
cpu,knowledge-db,1477416731959,9220000000,0.05263157894736842
cpu,person-db,1477416731959,14790000000,0.0
cpu,patient-db,1477416731970,19090000000,0.05
cpu,client,1477416732006,11090000000,0.05
cpu,knowledge-db,1477416732009,9220000000,0.0
cpu,person-db,1477416732010,14790000000,0.0
cpu,patient-db,1477416732021,19090000000,0.0
cpu,client,1477416732057,11100000000,0.0
cpu,knowledge-db,1477416732060,9220000000,0.0
cpu,person-db,1477416732060,14800000000,0.047619047619047616
cpu,patient-db,1477416732071,19090000000,0.0
cpu,client,1477416732107,11100000000,0.0
cpu,knowledge-db,1477416732111,9220000000,0.0
cpu,person-db,1477416732111,14800000000,0.0
cpu,patient-db,1477416732122,19090000000,0.0
cpu,client,1477416732158,11100000000,0.0
cpu,knowledge-db,1477416732161,9230000000,0.047619047619047616
cpu,person-db,1477416732162,14810000000,0.047619047619047616
cpu,patient-db,1477416732173,19100000000,0.05
cpu,client,1477416732208,11100000000,0.0
cpu,knowledge-db,1477416732212,9230000000,0.0
cpu,person-db,1477416732212,14810000000,0.0
cpu,patient-db,1477416732223,19100000000,0.0
cpu,client,1477416732259,11110000000,0.045454545454545456
cpu,knowledge-db,1477416732262,9240000000,0.047619047619047616
cpu,person-db,1477416732263,14810000000,0.0
cpu,patient-db,1477416732274,19100000000,0.0
cpu,client,1477416732310,11110000000,0.0
cpu,knowledge-db,1477416732313,9240000000,0.0
cpu,person-db,1477416732313,14810000000,0.0
cpu,patient-db,1477416732325,19100000000,0.0
cpu,client,1477416732360,11110000000,0.0
cpu,knowledge-db,1477416732363,9240000000,0.0
cpu,person-db,1477416732364,14810000000,0.0
cpu,patient-db,1477416732375,19100000000,0.0
cpu,client,1477416732411,11110000000,0.0
cpu,knowledge-db,1477416732414,9240000000,0.0
cpu,person-db,1477416732414,14810000000,0.0
cpu,patient-db,1477416732426,19100000000,0.0
cpu,client,1477416732461,11120000000,0.05
cpu,knowledge-db,1477416732464,9250000000,0.05
cpu,person-db,1477416732465,14820000000,0.05
cpu,patient-db,1477416732476,19100000000,0.0
cpu,client,1477416732512,11120000000,0.0
cpu,knowledge-db,1477416732515,9250000000,0.0
cpu,person-db,1477416732515,14830000000,0.05
cpu,patient-db,1477416732527,19100000000,0.0
cpu,client,1477416732562,11120000000,0.0
cpu,knowledge-db,1477416732565,9250000000,0.0
cpu,person-db,1477416732566,14830000000,0.0
cpu,patient-db,1477416732577,19100000000,0.0
cpu,client,1477416732613,11120000000,0.0
cpu,knowledge-db,1477416732616,9250000000,0.0
cpu,person-db,1477416732616,14830000000,0.0
cpu,patient-db,1477416732628,19100000000,0.0
cpu,client,1477416732663,11120000000,0.0
cpu,knowledge-db,1477416732666,9250000000,0.0
cpu,person-db,1477416732667,14840000000,0.05
cpu,patient-db,1477416732678,19100000000,0.0
cpu,client,1477416732714,11120000000,0.0
cpu,knowledge-db,1477416732717,9250000000,0.0
cpu,person-db,1477416732717,14850000000,0.05
cpu,patient-db,1477416732728,19100000000,0.0
cpu,knowledge-db,1477416732767,9250000000,0.0
cpu,knowledge-db,1477416732817,9250000000,0.0
cpu,knowledge-db,1477416732868,9250000000,0.0
cpu,knowledge-db,1477416732918,9250000000,0.0
